<annotation>
	<folder>X_ray</folder>
	<filename>P00151.jpg</filename>
	<source>
		<database>The X_ray Database</database>
		<annotation>The X_ray Database</annotation>
		<image>X_ray</image>
		<flickrid>0</flickrid>
	</source>
	<owner>
		<flickrid>miaocaijing16@mails.ucas.ac.ac</flickrid>
		<name>MeioJane</name>
	</owner>
	<size>
		<width>870</width>
		<height>599</height>
		<depth>3</depth>
	</size>
	<segmented>0</segmented>
	<object>
		<name>Knife</name>
		<pose>Unspecified</pose>
		<truncated>0</truncated>
		<difficult>0</difficult>
		<bndbox>
			<xmin>48.64</xmin>
			<ymin>210.309</ymin>
			<xmax>458.767</xmax>
			<ymax>314.423</ymax>
		</bndbox>
	</object>
	<object>
		<name>Knife</name>
		<pose>Unspecified</pose>
		<truncated>0</truncated>
		<difficult>0</difficult>
		<bndbox>
			<xmin>44.219</xmin>
			<ymin>208.921</ymin>
			<xmax>355.959</xmax>
			<ymax>278.33</ymax>
		</bndbox>
	</object>
	<object>
		<name>Knife</name>
		<pose>Unspecified</pose>
		<truncated>0</truncated>
		<difficult>0</difficult>
		<bndbox>
			<xmin>120.496</xmin>
			<ymin>202.674</ymin>
			<xmax>431.131</xmax>
			<ymax>245.014</ymax>
		</bndbox>
	</object>
	<object>
		<name>Gun</name>
		<pose>Unspecified</pose>
		<truncated>0</truncated>
		<difficult>0</difficult>
		<bndbox>
			<xmin>140.394</xmin>
			<ymin>392.161</ymin>
			<xmax>235.464</xmax>
			<ymax>501.827</ymax>
		</bndbox>
	</object>
	<object>
		<name>Gun</name>
		<pose>Unspecified</pose>
		<truncated>0</truncated>
		<difficult>0</difficult>
		<bndbox>
			<xmin>76.277</xmin>
			<ymin>373.421</ymin>
			<xmax>110.546</xmax>
			<ymax>487.251</ymax>
		</bndbox>
	</object>
</annotation>
