<annotation>
	<folder>X_ray</folder>
	<filename>P00174.jpg</filename>
	<source>
		<database>The X_ray Database</database>
		<annotation>The X_ray Database</annotation>
		<image>X_ray</image>
		<flickrid>0</flickrid>
	</source>
	<owner>
		<flickrid>miaocaijing16@mails.ucas.ac.ac</flickrid>
		<name>MeioJane</name>
	</owner>
	<size>
		<width>854</width>
		<height>604</height>
		<depth>3</depth>
	</size>
	<segmented>0</segmented>
	<object>
		<name>Gun</name>
		<pose>Unspecified</pose>
		<truncated>0</truncated>
		<difficult>0</difficult>
		<bndbox>
			<xmin>758.508</xmin>
			<ymin>375.838</ymin>
			<xmax>788.892</xmax>
			<ymax>485.72</ymax>
		</bndbox>
	</object>
	<object>
		<name>Gun</name>
		<pose>Unspecified</pose>
		<truncated>0</truncated>
		<difficult>0</difficult>
		<bndbox>
			<xmin>651.08</xmin>
			<ymin>394.035</ymin>
			<xmax>742.231</xmax>
			<ymax>488.519</ymax>
		</bndbox>
	</object>
	<object>
		<name>Knife</name>
		<pose>Unspecified</pose>
		<truncated>0</truncated>
		<difficult>0</difficult>
		<bndbox>
			<xmin>425.372</xmin>
			<ymin>148.375</ymin>
			<xmax>735.72</xmax>
			<ymax>276.454</ymax>
		</bndbox>
	</object>
	<object>
		<name>Knife</name>
		<pose>Unspecified</pose>
		<truncated>0</truncated>
		<difficult>0</difficult>
		<bndbox>
			<xmin>552.333</xmin>
			<ymin>242.86</ymin>
			<xmax>827.957</xmax>
			<ymax>396.834</ymax>
		</bndbox>
	</object>
	<object>
		<name>Knife</name>
		<pose>Unspecified</pose>
		<truncated>0</truncated>
		<difficult>0</difficult>
		<bndbox>
			<xmin>413.436</xmin>
			<ymin>244.959</ymin>
			<xmax>832.297</xmax>
			<ymax>459.124</ymax>
		</bndbox>
	</object>
</annotation>
