<annotation>
	<folder>X_ray</folder>
	<filename>P00124.jpg</filename>
	<source>
		<database>The X_ray Database</database>
		<annotation>The X_ray Database</annotation>
		<image>X_ray</image>
		<flickrid>0</flickrid>
	</source>
	<owner>
		<flickrid>miaocaijing16@mails.ucas.ac.ac</flickrid>
		<name>MeioJane</name>
	</owner>
	<size>
		<width>837</width>
		<height>565</height>
		<depth>3</depth>
	</size>
	<segmented>0</segmented>
	<object>
		<name>Knife</name>
		<pose>Unspecified</pose>
		<truncated>0</truncated>
		<difficult>0</difficult>
		<bndbox>
			<xmin>51.05</xmin>
			<ymin>465.487</ymin>
			<xmax>358.41</xmax>
			<ymax>493.638</ymax>
		</bndbox>
	</object>
	<object>
		<name>Knife</name>
		<pose>Unspecified</pose>
		<truncated>0</truncated>
		<difficult>0</difficult>
		<bndbox>
			<xmin>78.701</xmin>
			<ymin>437.335</ymin>
			<xmax>395.634</xmax>
			<ymax>462.868</ymax>
		</bndbox>
	</object>
	<object>
		<name>Knife</name>
		<pose>Unspecified</pose>
		<truncated>0</truncated>
		<difficult>0</difficult>
		<bndbox>
			<xmin>47.859</xmin>
			<ymin>377.103</ymin>
			<xmax>450.938</xmax>
			<ymax>448.465</ymax>
		</bndbox>
	</object>
	<object>
		<name>Gun</name>
		<pose>Unspecified</pose>
		<truncated>0</truncated>
		<difficult>0</difficult>
		<bndbox>
			<xmin>151.022</xmin>
			<ymin>189.861</ymin>
			<xmax>247.803</xmax>
			<ymax>290.029</ymax>
		</bndbox>
	</object>
	<object>
		<name>Gun</name>
		<pose>Unspecified</pose>
		<truncated>0</truncated>
		<difficult>0</difficult>
		<bndbox>
			<xmin>59.558</xmin>
			<ymin>199.027</ymin>
			<xmax>105.29</xmax>
			<ymax>318.835</ymax>
		</bndbox>
	</object>
</annotation>
