<annotation>
	<folder>X_ray</folder>
	<filename>P00120.jpg</filename>
	<source>
		<database>The X_ray Database</database>
		<annotation>The X_ray Database</annotation>
		<image>X_ray</image>
		<flickrid>0</flickrid>
	</source>
	<owner>
		<flickrid>miaocaijing16@mails.ucas.ac.ac</flickrid>
		<name>MeioJane</name>
	</owner>
	<size>
		<width>679</width>
		<height>487</height>
		<depth>3</depth>
	</size>
	<segmented>0</segmented>
	<object>
		<name>Gun</name>
		<pose>Unspecified</pose>
		<truncated>0</truncated>
		<difficult>0</difficult>
		<bndbox>
			<xmin>483.151</xmin>
			<ymin>120.762</ymin>
			<xmax>599.625</xmax>
			<ymax>295.699</ymax>
		</bndbox>
	</object>
	<object>
		<name>Gun</name>
		<pose>Unspecified</pose>
		<truncated>0</truncated>
		<difficult>0</difficult>
		<bndbox>
			<xmin>468.484</xmin>
			<ymin>239.268</ymin>
			<xmax>652.254</xmax>
			<ymax>344.229</ymax>
		</bndbox>
	</object>
	<object>
		<name>Knife</name>
		<pose>Unspecified</pose>
		<truncated>0</truncated>
		<difficult>0</difficult>
		<bndbox>
			<xmin>227.771</xmin>
			<ymin>378.652</ymin>
			<xmax>633.273</xmax>
			<ymax>450.32</ymax>
		</bndbox>
	</object>
</annotation>
