<annotation>
	<folder>X_ray</folder>
	<filename>P00161.jpg</filename>
	<source>
		<database>The X_ray Database</database>
		<annotation>The X_ray Database</annotation>
		<image>X_ray</image>
		<flickrid>0</flickrid>
	</source>
	<owner>
		<flickrid>miaocaijing16@mails.ucas.ac.ac</flickrid>
		<name>MeioJane</name>
	</owner>
	<size>
		<width>649</width>
		<height>448</height>
		<depth>3</depth>
	</size>
	<segmented>0</segmented>
	<object>
		<name>Knife</name>
		<pose>Unspecified</pose>
		<truncated>0</truncated>
		<difficult>0</difficult>
		<bndbox>
			<xmin>33.811</xmin>
			<ymin>348.848</ymin>
			<xmax>427.994</xmax>
			<ymax>420.487</ymax>
		</bndbox>
	</object>
	<object>
		<name>Gun</name>
		<pose>Unspecified</pose>
		<truncated>0</truncated>
		<difficult>0</difficult>
		<bndbox>
			<xmin>9.071</xmin>
			<ymin>166.637</ymin>
			<xmax>220.182</xmax>
			<ymax>290.707</ymax>
		</bndbox>
	</object>
	<object>
		<name>Gun</name>
		<pose>Unspecified</pose>
		<truncated>0</truncated>
		<difficult>0</difficult>
		<bndbox>
			<xmin>43.706</xmin>
			<ymin>137.567</ymin>
			<xmax>139.366</xmax>
			<ymax>308.357</ymax>
		</bndbox>
	</object>
</annotation>
