<annotation>
	<folder>X_ray</folder>
	<filename>P00343.jpg</filename>
	<source>
		<database>The X_ray Database</database>
		<annotation>The X_ray Database</annotation>
		<image>X_ray</image>
		<flickrid>0</flickrid>
	</source>
	<owner>
		<flickrid>miaocaijing16@mails.ucas.ac.ac</flickrid>
		<name>MeioJane</name>
	</owner>
	<size>
		<width>667</width>
		<height>467</height>
		<depth>3</depth>
	</size>
	<segmented>0</segmented>
	<object>
		<name>Knife</name>
		<pose>Unspecified</pose>
		<truncated>0</truncated>
		<difficult>0</difficult>
		<bndbox>
			<xmin>16.103</xmin>
			<ymin>54.655</ymin>
			<xmax>70.344</xmax>
			<ymax>425.333</ymax>
		</bndbox>
	</object>
	<object>
		<name>Gun</name>
		<pose>Unspecified</pose>
		<truncated>0</truncated>
		<difficult>0</difficult>
		<bndbox>
			<xmin>215.271</xmin>
			<ymin>94.158</ymin>
			<xmax>446.644</xmax>
			<ymax>262.451</ymax>
		</bndbox>
	</object>
	<object>
		<name>Gun</name>
		<pose>Unspecified</pose>
		<truncated>0</truncated>
		<difficult>0</difficult>
		<bndbox>
			<xmin>22.036</xmin>
			<ymin>292.213</ymin>
			<xmax>196.625</xmax>
			<ymax>393.947</ymax>
		</bndbox>
	</object>
</annotation>
