<annotation>
	<folder>X_ray</folder>
	<filename>P00325.jpg</filename>
	<source>
		<database>The X_ray Database</database>
		<annotation>The X_ray Database</annotation>
		<image>X_ray</image>
		<flickrid>0</flickrid>
	</source>
	<owner>
		<flickrid>miaocaijing16@mails.ucas.ac.ac</flickrid>
		<name>MeioJane</name>
	</owner>
	<size>
		<width>870</width>
		<height>575</height>
		<depth>3</depth>
	</size>
	<segmented>0</segmented>
	<object>
		<name>Knife</name>
		<pose>Unspecified</pose>
		<truncated>0</truncated>
		<difficult>0</difficult>
		<bndbox>
			<xmin>113.863</xmin>
			<ymin>146.582</ymin>
			<xmax>418.971</xmax>
			<ymax>244.525</ymax>
		</bndbox>
	</object>
	<object>
		<name>Knife</name>
		<pose>Unspecified</pose>
		<truncated>0</truncated>
		<difficult>0</difficult>
		<bndbox>
			<xmin>63.011</xmin>
			<ymin>146.582</ymin>
			<xmax>352.643</xmax>
			<ymax>306.489</ymax>
		</bndbox>
	</object>
	<object>
		<name>Knife</name>
		<pose>Unspecified</pose>
		<truncated>0</truncated>
		<difficult>0</difficult>
		<bndbox>
			<xmin>51.957</xmin>
			<ymin>121.929</ymin>
			<xmax>458.767</xmax>
			<ymax>392.439</ymax>
		</bndbox>
	</object>
	<object>
		<name>Gun</name>
		<pose>Unspecified</pose>
		<truncated>0</truncated>
		<difficult>0</difficult>
		<bndbox>
			<xmin>122.706</xmin>
			<ymin>301.825</ymin>
			<xmax>215.565</xmax>
			<ymax>409.096</ymax>
		</bndbox>
	</object>
	<object>
		<name>Gun</name>
		<pose>Unspecified</pose>
		<truncated>0</truncated>
		<difficult>0</difficult>
		<bndbox>
			<xmin>68.539</xmin>
			<ymin>319.148</ymin>
			<xmax>112.757</xmax>
			<ymax>438.413</ymax>
		</bndbox>
	</object>
</annotation>
