<annotation>
	<folder>X_ray</folder>
	<filename>P00445.jpg</filename>
	<source>
		<database>The X_ray Database</database>
		<annotation>The X_ray Database</annotation>
		<image>X_ray</image>
		<flickrid>0</flickrid>
	</source>
	<owner>
		<flickrid>miaocaijing16@mails.ucas.ac.ac</flickrid>
		<name>MeioJane</name>
	</owner>
	<size>
		<width>840</width>
		<height>606</height>
		<depth>3</depth>
	</size>
	<segmented>0</segmented>
	<object>
		<name>Gun</name>
		<pose>Unspecified</pose>
		<truncated>0</truncated>
		<difficult>0</difficult>
		<bndbox>
			<xmin>168.64</xmin>
			<ymin>200.127</ymin>
			<xmax>389.581</xmax>
			<ymax>370.762</ymax>
		</bndbox>
	</object>
	<object>
		<name>Gun</name>
		<pose>Unspecified</pose>
		<truncated>0</truncated>
		<difficult>0</difficult>
		<bndbox>
			<xmin>84.32</xmin>
			<ymin>152.378</ymin>
			<xmax>201.728</xmax>
			<ymax>281.583</ymax>
		</bndbox>
	</object>
	<object>
		<name>Knife</name>
		<pose>Unspecified</pose>
		<truncated>0</truncated>
		<difficult>0</difficult>
		<bndbox>
			<xmin>83.253</xmin>
			<ymin>223.3</ymin>
			<xmax>210.267</xmax>
			<ymax>575.103</ymax>
		</bndbox>
	</object>
	<object>
		<name>Knife</name>
		<pose>Unspecified</pose>
		<truncated>0</truncated>
		<difficult>0</difficult>
		<bndbox>
			<xmin>33.088</xmin>
			<ymin>159.4</ymin>
			<xmax>62.973</xmax>
			<ymax>514.012</ymax>
		</bndbox>
	</object>
</annotation>
