<annotation>
	<folder>X_ray</folder>
	<filename>P00514.jpg</filename>
	<source>
		<database>The X_ray Database</database>
		<annotation>The X_ray Database</annotation>
		<image>X_ray</image>
		<flickrid>0</flickrid>
	</source>
	<owner>
		<flickrid>miaocaijing16@mails.ucas.ac.ac</flickrid>
		<name>MeioJane</name>
	</owner>
	<size>
		<width>740</width>
		<height>578</height>
		<depth>3</depth>
	</size>
	<segmented>0</segmented>
	<object>
		<name>Knife</name>
		<pose>Unspecified</pose>
		<truncated>0</truncated>
		<difficult>0</difficult>
		<bndbox>
			<xmin>62.999</xmin>
			<ymin>155.384</ymin>
			<xmax>367.649</xmax>
			<ymax>292.684</ymax>
		</bndbox>
	</object>
	<object>
		<name>Knife</name>
		<pose>Unspecified</pose>
		<truncated>0</truncated>
		<difficult>0</difficult>
		<bndbox>
			<xmin>63.939</xmin>
			<ymin>101.133</ymin>
			<xmax>476.722</xmax>
			<ymax>240.443</ymax>
		</bndbox>
	</object>
	<object>
		<name>Wrench</name>
		<pose>Unspecified</pose>
		<truncated>0</truncated>
		<difficult>0</difficult>
		<bndbox>
			<xmin>45.133</xmin>
			<ymin>83.72</ymin>
			<xmax>365.769</xmax>
			<ymax>265.893</ymax>
		</bndbox>
	</object>
	<object>
		<name>Wrench</name>
		<pose>Unspecified</pose>
		<truncated>0</truncated>
		<difficult>0</difficult>
		<bndbox>
			<xmin>46.074</xmin>
			<ymin>131.272</ymin>
			<xmax>314.053</xmax>
			<ymax>218.341</ymax>
		</bndbox>
	</object>
</annotation>
