<annotation>
	<folder>X_ray</folder>
	<filename>P00643.jpg</filename>
	<source>
		<database>The X_ray Database</database>
		<annotation>The X_ray Database</annotation>
		<image>X_ray</image>
		<flickrid>0</flickrid>
	</source>
	<owner>
		<flickrid>miaocaijing16@mails.ucas.ac.ac</flickrid>
		<name>MeioJane</name>
	</owner>
	<size>
		<width>818</width>
		<height>782</height>
		<depth>3</depth>
	</size>
	<segmented>0</segmented>
	<object>
		<name>Knife</name>
		<pose>Unspecified</pose>
		<truncated>0</truncated>
		<difficult>0</difficult>
		<bndbox>
			<xmin>41.576</xmin>
			<ymin>239.221</ymin>
			<xmax>443.82</xmax>
			<ymax>476.63</ymax>
		</bndbox>
	</object>
	<object>
		<name>Knife</name>
		<pose>Unspecified</pose>
		<truncated>0</truncated>
		<difficult>0</difficult>
		<bndbox>
			<xmin>61.324</xmin>
			<ymin>284.528</ymin>
			<xmax>424.071</xmax>
			<ymax>508.345</ymax>
		</bndbox>
	</object>
</annotation>
