<annotation>
	<folder>X_ray</folder>
	<filename>P00639.jpg</filename>
	<source>
		<database>The X_ray Database</database>
		<annotation>The X_ray Database</annotation>
		<image>X_ray</image>
		<flickrid>0</flickrid>
	</source>
	<owner>
		<flickrid>miaocaijing16@mails.ucas.ac.ac</flickrid>
		<name>MeioJane</name>
	</owner>
	<size>
		<width>549</width>
		<height>748</height>
		<depth>3</depth>
	</size>
	<segmented>0</segmented>
	<object>
		<name>Knife</name>
		<pose>Unspecified</pose>
		<truncated>0</truncated>
		<difficult>0</difficult>
		<bndbox>
			<xmin>153.469</xmin>
			<ymin>216.686</ymin>
			<xmax>320.192</xmax>
			<ymax>542.582</ymax>
		</bndbox>
	</object>
	<object>
		<name>Knife</name>
		<pose>Unspecified</pose>
		<truncated>0</truncated>
		<difficult>0</difficult>
		<bndbox>
			<xmin>96.267</xmin>
			<ymin>217.553</ymin>
			<xmax>449.943</xmax>
			<ymax>505.312</ymax>
		</bndbox>
	</object>
</annotation>
