<annotation>
	<folder>X_ray</folder>
	<filename>P00641.jpg</filename>
	<source>
		<database>The X_ray Database</database>
		<annotation>The X_ray Database</annotation>
		<image>X_ray</image>
		<flickrid>0</flickrid>
	</source>
	<owner>
		<flickrid>miaocaijing16@mails.ucas.ac.ac</flickrid>
		<name>MeioJane</name>
	</owner>
	<size>
		<width>650</width>
		<height>710</height>
		<depth>3</depth>
	</size>
	<segmented>0</segmented>
	<object>
		<name>Knife</name>
		<pose>Unspecified</pose>
		<truncated>0</truncated>
		<difficult>0</difficult>
		<bndbox>
			<xmin>223.825</xmin>
			<ymin>224.6</ymin>
			<xmax>336.976</xmax>
			<ymax>570.139</ymax>
		</bndbox>
	</object>
	<object>
		<name>Knife</name>
		<pose>Unspecified</pose>
		<truncated>0</truncated>
		<difficult>0</difficult>
		<bndbox>
			<xmin>149.492</xmin>
			<ymin>241.877</ymin>
			<xmax>497.205</xmax>
			<ymax>550.394</ymax>
		</bndbox>
	</object>
</annotation>
