<annotation>
	<folder>X_ray</folder>
	<filename>P00654.jpg</filename>
	<source>
		<database>The X_ray Database</database>
		<annotation>The X_ray Database</annotation>
		<image>X_ray</image>
		<flickrid>0</flickrid>
	</source>
	<owner>
		<flickrid>miaocaijing16@mails.ucas.ac.ac</flickrid>
		<name>MeioJane</name>
	</owner>
	<size>
		<width>542</width>
		<height>408</height>
		<depth>3</depth>
	</size>
	<segmented>0</segmented>
	<object>
		<name>Knife</name>
		<pose>Unspecified</pose>
		<truncated>0</truncated>
		<difficult>0</difficult>
		<bndbox>
			<xmin>1.377</xmin>
			<ymin>128.593</ymin>
			<xmax>263.769</xmax>
			<ymax>297.372</ymax>
		</bndbox>
	</object>
	<object>
		<name>Knife</name>
		<pose>Unspecified</pose>
		<truncated>0</truncated>
		<difficult>0</difficult>
		<bndbox>
			<xmin>42.699</xmin>
			<ymin>158.378</ymin>
			<xmax>318.864</xmax>
			<ymax>297.845</ymax>
		</bndbox>
	</object>
	<object>
		<name>Gun</name>
		<pose>Unspecified</pose>
		<truncated>0</truncated>
		<difficult>0</difficult>
		<bndbox>
			<xmin>70.935</xmin>
			<ymin>152.232</ymin>
			<xmax>237.598</xmax>
			<ymax>249.149</ymax>
		</bndbox>
	</object>
	<object>
		<name>Knife</name>
		<pose>Unspecified</pose>
		<truncated>0</truncated>
		<difficult>0</difficult>
		<bndbox>
			<xmin>40.633</xmin>
			<ymin>243.949</ymin>
			<xmax>198.343</xmax>
			<ymax>286.498</ymax>
		</bndbox>
	</object>
	<object>
		<name>Wrench</name>
		<pose>Unspecified</pose>
		<truncated>0</truncated>
		<difficult>0</difficult>
		<bndbox>
			<xmin>35.123</xmin>
			<ymin>117.247</ymin>
			<xmax>148.757</xmax>
			<ymax>310.61</ymax>
		</bndbox>
	</object>
	<object>
		<name>Wrench</name>
		<pose>Unspecified</pose>
		<truncated>0</truncated>
		<difficult>0</difficult>
		<bndbox>
			<xmin>188.013</xmin>
			<ymin>217.474</ymin>
			<xmax>539.245</xmax>
			<ymax>303.518</ymax>
		</bndbox>
	</object>
</annotation>
