<annotation>
	<folder>X_ray</folder>
	<filename>P00721.jpg</filename>
	<source>
		<database>The X_ray Database</database>
		<annotation>The X_ray Database</annotation>
		<image>X_ray</image>
		<flickrid>0</flickrid>
	</source>
	<owner>
		<flickrid>miaocaijing16@mails.ucas.ac.ac</flickrid>
		<name>MeioJane</name>
	</owner>
	<size>
		<width>745</width>
		<height>746</height>
		<depth>3</depth>
	</size>
	<segmented>0</segmented>
	<object>
		<name>Knife</name>
		<pose>Unspecified</pose>
		<truncated>0</truncated>
		<difficult>0</difficult>
		<bndbox>
			<xmin>100.343</xmin>
			<ymin>219.564</ymin>
			<xmax>422.198</xmax>
			<ymax>533.351</ymax>
		</bndbox>
	</object>
	<object>
		<name>Knife</name>
		<pose>Unspecified</pose>
		<truncated>0</truncated>
		<difficult>0</difficult>
		<bndbox>
			<xmin>94.663</xmin>
			<ymin>202.276</ymin>
			<xmax>433.558</xmax>
			<ymax>535.08</ymax>
		</bndbox>
	</object>
</annotation>
