<annotation>
	<folder>X_ray</folder>
	<filename>P00887.jpg</filename>
	<source>
		<database>The X_ray Database</database>
		<annotation>The X_ray Database</annotation>
		<image>X_ray</image>
		<flickrid>0</flickrid>
	</source>
	<owner>
		<flickrid>miaocaijing16@mails.ucas.ac.ac</flickrid>
		<name>MeioJane</name>
	</owner>
	<size>
		<width>740</width>
		<height>447</height>
		<depth>3</depth>
	</size>
	<segmented>0</segmented>
	<object>
		<name>Knife</name>
		<pose>Unspecified</pose>
		<truncated>0</truncated>
		<difficult>0</difficult>
		<bndbox>
			<xmin>63.939</xmin>
			<ymin>170.927</ymin>
			<xmax>305.591</xmax>
			<ymax>202.005</ymax>
		</bndbox>
	</object>
	<object>
		<name>Knife</name>
		<pose>Unspecified</pose>
		<truncated>0</truncated>
		<difficult>0</difficult>
		<bndbox>
			<xmin>655.375</xmin>
			<ymin>132.598</ymin>
			<xmax>687.344</xmax>
			<ymax>259.498</ymax>
		</bndbox>
	</object>
	<object>
		<name>Knife</name>
		<pose>Unspecified</pose>
		<truncated>0</truncated>
		<difficult>0</difficult>
		<bndbox>
			<xmin>466.379</xmin>
			<ymin>80.802</ymin>
			<xmax>521.855</xmax>
			<ymax>213.4</ymax>
		</bndbox>
	</object>
	<object>
		<name>Knife</name>
		<pose>Unspecified</pose>
		<truncated>0</truncated>
		<difficult>0</difficult>
		<bndbox>
			<xmin>518.094</xmin>
			<ymin>32.114</ymin>
			<xmax>710.851</xmax>
			<ymax>138.813</ymax>
		</bndbox>
	</object>
	<object>
		<name>Knife</name>
		<pose>Unspecified</pose>
		<truncated>0</truncated>
		<difficult>0</difficult>
		<bndbox>
			<xmin>501.169</xmin>
			<ymin>68.371</ymin>
			<xmax>549.123</xmax>
			<ymax>204.594</ymax>
		</bndbox>
	</object>
</annotation>
