<annotation>
	<folder>X_ray</folder>
	<filename>P00800.jpg</filename>
	<source>
		<database>The X_ray Database</database>
		<annotation>The X_ray Database</annotation>
		<image>X_ray</image>
		<flickrid>0</flickrid>
	</source>
	<owner>
		<flickrid>miaocaijing16@mails.ucas.ac.ac</flickrid>
		<name>MeioJane</name>
	</owner>
	<size>
		<width>524</width>
		<height>395</height>
		<depth>3</depth>
	</size>
	<segmented>0</segmented>
	<object>
		<name>Knife</name>
		<pose>Unspecified</pose>
		<truncated>0</truncated>
		<difficult>0</difficult>
		<bndbox>
			<xmin>53.266</xmin>
			<ymin>69.571</ymin>
			<xmax>458.084</xmax>
			<ymax>186.744</ymax>
		</bndbox>
	</object>
	<object>
		<name>Wrench</name>
		<pose>Unspecified</pose>
		<truncated>0</truncated>
		<difficult>0</difficult>
		<bndbox>
			<xmin>183.1</xmin>
			<ymin>190.406</ymin>
			<xmax>451.426</xmax>
			<ymax>227.022</ymax>
		</bndbox>
	</object>
	<object>
		<name>Wrench</name>
		<pose>Unspecified</pose>
		<truncated>0</truncated>
		<difficult>0</difficult>
		<bndbox>
			<xmin>83.893</xmin>
			<ymin>92.457</ymin>
			<xmax>454.089</xmax>
			<ymax>162.028</ymax>
		</bndbox>
	</object>
</annotation>
