<annotation>
	<folder>X_ray</folder>
	<filename>P00994.jpg</filename>
	<source>
		<database>The X_ray Database</database>
		<annotation>The X_ray Database</annotation>
		<image>X_ray</image>
		<flickrid>0</flickrid>
	</source>
	<owner>
		<flickrid>miaocaijing16@mails.ucas.ac.ac</flickrid>
		<name>MeioJane</name>
	</owner>
	<size>
		<width>1512</width>
		<height>811</height>
		<depth>3</depth>
	</size>
	<segmented>0</segmented>
	<object>
		<name>Gun</name>
		<pose>Unspecified</pose>
		<truncated>0</truncated>
		<difficult>0</difficult>
		<bndbox>
			<xmin>745.433</xmin>
			<ymin>475.511</ymin>
			<xmax>933.713</xmax>
			<ymax>602.377</ymax>
		</bndbox>
	</object>
</annotation>
