<annotation>
	<folder>X_ray</folder>
	<filename>P00961.jpg</filename>
	<source>
		<database>The X_ray Database</database>
		<annotation>The X_ray Database</annotation>
		<image>X_ray</image>
		<flickrid>0</flickrid>
	</source>
	<owner>
		<flickrid>miaocaijing16@mails.ucas.ac.ac</flickrid>
		<name>MeioJane</name>
	</owner>
	<size>
		<width>870</width>
		<height>653</height>
		<depth>3</depth>
	</size>
	<segmented>0</segmented>
	<object>
		<name>Gun</name>
		<pose>Unspecified</pose>
		<truncated>0</truncated>
		<difficult>0</difficult>
		<bndbox>
			<xmin>249.835</xmin>
			<ymin>349.578</ymin>
			<xmax>433.342</xmax>
			<ymax>441.891</ymax>
		</bndbox>
	</object>
	<object>
		<name>Gun</name>
		<pose>Unspecified</pose>
		<truncated>0</truncated>
		<difficult>0</difficult>
		<bndbox>
			<xmin>110.546</xmin>
			<ymin>101.393</ymin>
			<xmax>305.108</xmax>
			<ymax>250.455</ymax>
		</bndbox>
	</object>
	<object>
		<name>Wrench</name>
		<pose>Unspecified</pose>
		<truncated>0</truncated>
		<difficult>0</difficult>
		<bndbox>
			<xmin>288.526</xmin>
			<ymin>321.582</ymin>
			<xmax>485.299</xmax>
			<ymax>451.728</ymax>
		</bndbox>
	</object>
	<object>
		<name>Pliers</name>
		<pose>Unspecified</pose>
		<truncated>0</truncated>
		<difficult>0</difficult>
		<bndbox>
			<xmin>154.765</xmin>
			<ymin>136.199</ymin>
			<xmax>457.662</xmax>
			<ymax>312.502</ymax>
		</bndbox>
	</object>
</annotation>
