<annotation>
	<folder>X_ray</folder>
	<filename>P01045.jpg</filename>
	<source>
		<database>The X_ray Database</database>
		<annotation>The X_ray Database</annotation>
		<image>X_ray</image>
		<flickrid>0</flickrid>
	</source>
	<owner>
		<flickrid>miaocaijing16@mails.ucas.ac.ac</flickrid>
		<name>MeioJane</name>
	</owner>
	<size>
		<width>812</width>
		<height>405</height>
		<depth>3</depth>
	</size>
	<segmented>0</segmented>
	<object>
		<name>Gun</name>
		<pose>Unspecified</pose>
		<truncated>0</truncated>
		<difficult>0</difficult>
		<bndbox>
			<xmin>306.435</xmin>
			<ymin>138.911</ymin>
			<xmax>574.694</xmax>
			<ymax>240.278</ymax>
		</bndbox>
	</object>
	<object>
		<name>Gun</name>
		<pose>Unspecified</pose>
		<truncated>0</truncated>
		<difficult>0</difficult>
		<bndbox>
			<xmin>590.17</xmin>
			<ymin>103.714</ymin>
			<xmax>772.793</xmax>
			<ymax>175.046</ymax>
		</bndbox>
	</object>
	<object>
		<name>Gun</name>
		<pose>Unspecified</pose>
		<truncated>0</truncated>
		<difficult>0</difficult>
		<bndbox>
			<xmin>131.034</xmin>
			<ymin>52.092</ymin>
			<xmax>274.45</xmax>
			<ymax>182.555</ymax>
		</bndbox>
	</object>
</annotation>
