<annotation>
	<folder>X_ray</folder>
	<filename>P01065.jpg</filename>
	<source>
		<database>The X_ray Database</database>
		<annotation>The X_ray Database</annotation>
		<image>X_ray</image>
		<flickrid>0</flickrid>
	</source>
	<owner>
		<flickrid>miaocaijing16@mails.ucas.ac.ac</flickrid>
		<name>MeioJane</name>
	</owner>
	<size>
		<width>612</width>
		<height>608</height>
		<depth>3</depth>
	</size>
	<segmented>0</segmented>
	<object>
		<name>Gun</name>
		<pose>Unspecified</pose>
		<truncated>0</truncated>
		<difficult>0</difficult>
		<bndbox>
			<xmin>160.971</xmin>
			<ymin>183.879</ymin>
			<xmax>333.606</xmax>
			<ymax>343.101</ymax>
		</bndbox>
	</object>
	<object>
		<name>Gun</name>
		<pose>Unspecified</pose>
		<truncated>0</truncated>
		<difficult>0</difficult>
		<bndbox>
			<xmin>164.081</xmin>
			<ymin>233.9</ymin>
			<xmax>366.267</xmax>
			<ymax>372.691</ymax>
		</bndbox>
	</object>
	<object>
		<name>Gun</name>
		<pose>Unspecified</pose>
		<truncated>0</truncated>
		<difficult>0</difficult>
		<bndbox>
			<xmin>209.962</xmin>
			<ymin>319.852</ymin>
			<xmax>402.816</xmax>
			<ymax>415.666</ymax>
		</bndbox>
	</object>
	<object>
		<name>Gun</name>
		<pose>Unspecified</pose>
		<truncated>0</truncated>
		<difficult>0</difficult>
		<bndbox>
			<xmin>42.77</xmin>
			<ymin>257.149</ymin>
			<xmax>283.06</xmax>
			<ymax>461.46</ymax>
		</bndbox>
	</object>
	<object>
		<name>Gun</name>
		<pose>Unspecified</pose>
		<truncated>0</truncated>
		<difficult>0</difficult>
		<bndbox>
			<xmin>253.51</xmin>
			<ymin>361.418</ymin>
			<xmax>403.593</xmax>
			<ymax>479.778</ymax>
		</bndbox>
	</object>
	<object>
		<name>Gun</name>
		<pose>Unspecified</pose>
		<truncated>0</truncated>
		<difficult>0</difficult>
		<bndbox>
			<xmin>203.741</xmin>
			<ymin>414.962</ymin>
			<xmax>431.588</xmax>
			<ymax>548.116</ymax>
		</bndbox>
	</object>
</annotation>
