<annotation>
	<folder>X_ray</folder>
	<filename>P01047.jpg</filename>
	<source>
		<database>The X_ray Database</database>
		<annotation>The X_ray Database</annotation>
		<image>X_ray</image>
		<flickrid>0</flickrid>
	</source>
	<owner>
		<flickrid>miaocaijing16@mails.ucas.ac.ac</flickrid>
		<name>MeioJane</name>
	</owner>
	<size>
		<width>891</width>
		<height>760</height>
		<depth>3</depth>
	</size>
	<segmented>0</segmented>
	<object>
		<name>Gun</name>
		<pose>Unspecified</pose>
		<truncated>0</truncated>
		<difficult>0</difficult>
		<bndbox>
			<xmin>147.179</xmin>
			<ymin>340.811</ymin>
			<xmax>318.133</xmax>
			<ymax>478.192</ymax>
		</bndbox>
	</object>
	<object>
		<name>Gun</name>
		<pose>Unspecified</pose>
		<truncated>0</truncated>
		<difficult>0</difficult>
		<bndbox>
			<xmin>324.926</xmin>
			<ymin>420.07</ymin>
			<xmax>515.127</xmax>
			<ymax>588.273</ymax>
		</bndbox>
	</object>
	<object>
		<name>Pliers</name>
		<pose>Unspecified</pose>
		<truncated>0</truncated>
		<difficult>0</difficult>
		<bndbox>
			<xmin>465.313</xmin>
			<ymin>406.86</ymin>
			<xmax>734.764</xmax>
			<ymax>501.089</ymax>
		</bndbox>
	</object>
</annotation>
