<annotation>
	<folder>X_ray</folder>
	<filename>P01064.jpg</filename>
	<source>
		<database>The X_ray Database</database>
		<annotation>The X_ray Database</annotation>
		<image>X_ray</image>
		<flickrid>0</flickrid>
	</source>
	<owner>
		<flickrid>miaocaijing16@mails.ucas.ac.ac</flickrid>
		<name>MeioJane</name>
	</owner>
	<size>
		<width>568</width>
		<height>584</height>
		<depth>3</depth>
	</size>
	<segmented>0</segmented>
	<object>
		<name>Gun</name>
		<pose>Unspecified</pose>
		<truncated>0</truncated>
		<difficult>0</difficult>
		<bndbox>
			<xmin>176.823</xmin>
			<ymin>186.095</ymin>
			<xmax>344.986</xmax>
			<ymax>279.481</ymax>
		</bndbox>
	</object>
	<object>
		<name>Gun</name>
		<pose>Unspecified</pose>
		<truncated>0</truncated>
		<difficult>0</difficult>
		<bndbox>
			<xmin>145.789</xmin>
			<ymin>221.961</ymin>
			<xmax>339.212</xmax>
			<ymax>334.971</ymax>
		</bndbox>
	</object>
	<object>
		<name>Gun</name>
		<pose>Unspecified</pose>
		<truncated>0</truncated>
		<difficult>0</difficult>
		<bndbox>
			<xmin>67.121</xmin>
			<ymin>213.84</ymin>
			<xmax>196.31</xmax>
			<ymax>381.664</ymax>
		</bndbox>
	</object>
	<object>
		<name>Gun</name>
		<pose>Unspecified</pose>
		<truncated>0</truncated>
		<difficult>0</difficult>
		<bndbox>
			<xmin>137.128</xmin>
			<ymin>262.563</ymin>
			<xmax>349.316</xmax>
			<ymax>430.387</ymax>
		</bndbox>
	</object>
	<object>
		<name>Gun</name>
		<pose>Unspecified</pose>
		<truncated>0</truncated>
		<difficult>0</difficult>
		<bndbox>
			<xmin>85.886</xmin>
			<ymin>354.596</ymin>
			<xmax>297.352</xmax>
			<ymax>558.285</ymax>
		</bndbox>
	</object>
	<object>
		<name>Gun</name>
		<pose>Unspecified</pose>
		<truncated>0</truncated>
		<difficult>0</difficult>
		<bndbox>
			<xmin>160.224</xmin>
			<ymin>355.272</ymin>
			<xmax>298.795</xmax>
			<ymax>462.192</ymax>
		</bndbox>
	</object>
</annotation>
