<annotation>
	<folder>X_ray</folder>
	<filename>P01118.jpg</filename>
	<source>
		<database>The X_ray Database</database>
		<annotation>The X_ray Database</annotation>
		<image>X_ray</image>
		<flickrid>0</flickrid>
	</source>
	<owner>
		<flickrid>miaocaijing16@mails.ucas.ac.ac</flickrid>
		<name>MeioJane</name>
	</owner>
	<size>
		<width>578</width>
		<height>750</height>
		<depth>3</depth>
	</size>
	<segmented>0</segmented>
	<object>
		<name>Gun</name>
		<pose>Unspecified</pose>
		<truncated>0</truncated>
		<difficult>0</difficult>
		<bndbox>
			<xmin>277.646</xmin>
			<ymin>281.76</ymin>
			<xmax>415.954</xmax>
			<ymax>468.24</ymax>
		</bndbox>
	</object>
	<object>
		<name>Pliers</name>
		<pose>Unspecified</pose>
		<truncated>0</truncated>
		<difficult>0</difficult>
		<bndbox>
			<xmin>228.409</xmin>
			<ymin>107.764</ymin>
			<xmax>393.657</xmax>
			<ymax>220.742</ymax>
		</bndbox>
	</object>
	<object>
		<name>Pliers</name>
		<pose>Unspecified</pose>
		<truncated>0</truncated>
		<difficult>0</difficult>
		<bndbox>
			<xmin>130.729</xmin>
			<ymin>453.65</ymin>
			<xmax>380.437</xmax>
			<ymax>633.546</ymax>
		</bndbox>
	</object>
</annotation>
