<annotation>
	<folder>X_ray</folder>
	<filename>P01271.jpg</filename>
	<source>
		<database>The X_ray Database</database>
		<annotation>The X_ray Database</annotation>
		<image>X_ray</image>
		<flickrid>0</flickrid>
	</source>
	<owner>
		<flickrid>miaocaijing16@mails.ucas.ac.ac</flickrid>
		<name>MeioJane</name>
	</owner>
	<size>
		<width>912</width>
		<height>727</height>
		<depth>3</depth>
	</size>
	<segmented>0</segmented>
	<object>
		<name>Gun</name>
		<pose>Unspecified</pose>
		<truncated>0</truncated>
		<difficult>0</difficult>
		<bndbox>
			<xmin>477.438</xmin>
			<ymin>539.985</ymin>
			<xmax>608.386</xmax>
			<ymax>620.856</ymax>
		</bndbox>
	</object>
	<object>
		<name>Pliers</name>
		<pose>Unspecified</pose>
		<truncated>0</truncated>
		<difficult>0</difficult>
		<bndbox>
			<xmin>156.442</xmin>
			<ymin>406.042</ymin>
			<xmax>432.244</xmax>
			<ymax>557.676</ymax>
		</bndbox>
	</object>
	<object>
		<name>Pliers</name>
		<pose>Unspecified</pose>
		<truncated>0</truncated>
		<difficult>0</difficult>
		<bndbox>
			<xmin>566.668</xmin>
			<ymin>481.016</ymin>
			<xmax>664.01</xmax>
			<ymax>608.22</ymax>
		</bndbox>
	</object>
</annotation>
