<annotation>
	<folder>X_ray</folder>
	<filename>P01220.jpg</filename>
	<source>
		<database>The X_ray Database</database>
		<annotation>The X_ray Database</annotation>
		<image>X_ray</image>
		<flickrid>0</flickrid>
	</source>
	<owner>
		<flickrid>miaocaijing16@mails.ucas.ac.ac</flickrid>
		<name>MeioJane</name>
	</owner>
	<size>
		<width>585</width>
		<height>577</height>
		<depth>3</depth>
	</size>
	<segmented>0</segmented>
	<object>
		<name>Gun</name>
		<pose>Unspecified</pose>
		<truncated>0</truncated>
		<difficult>0</difficult>
		<bndbox>
			<xmin>134.543</xmin>
			<ymin>50.145</ymin>
			<xmax>327.808</xmax>
			<ymax>221.306</ymax>
		</bndbox>
	</object>
	<object>
		<name>Gun</name>
		<pose>Unspecified</pose>
		<truncated>0</truncated>
		<difficult>0</difficult>
		<bndbox>
			<xmin>51.29</xmin>
			<ymin>89.592</ymin>
			<xmax>202.186</xmax>
			<ymax>264.096</ymax>
		</bndbox>
	</object>
</annotation>
