<annotation>
	<folder>X_ray</folder>
	<filename>P01294.jpg</filename>
	<source>
		<database>The X_ray Database</database>
		<annotation>The X_ray Database</annotation>
		<image>X_ray</image>
		<flickrid>0</flickrid>
	</source>
	<owner>
		<flickrid>miaocaijing16@mails.ucas.ac.ac</flickrid>
		<name>MeioJane</name>
	</owner>
	<size>
		<width>896</width>
		<height>764</height>
		<depth>3</depth>
	</size>
	<segmented>0</segmented>
	<object>
		<name>Gun</name>
		<pose>Unspecified</pose>
		<truncated>0</truncated>
		<difficult>0</difficult>
		<bndbox>
			<xmin>214.038</xmin>
			<ymin>495.759</ymin>
			<xmax>403.029</xmax>
			<ymax>656.881</ymax>
		</bndbox>
	</object>
	<object>
		<name>Wrench</name>
		<pose>Unspecified</pose>
		<truncated>0</truncated>
		<difficult>0</difficult>
		<bndbox>
			<xmin>571.527</xmin>
			<ymin>49.576</ymin>
			<xmax>648.945</xmax>
			<ymax>308.964</ymax>
		</bndbox>
	</object>
	<object>
		<name>Pliers</name>
		<pose>Unspecified</pose>
		<truncated>0</truncated>
		<difficult>0</difficult>
		<bndbox>
			<xmin>122.958</xmin>
			<ymin>343.49</ymin>
			<xmax>347.243</xmax>
			<ymax>581.632</ymax>
		</bndbox>
	</object>
</annotation>
