<annotation>
	<folder>X_ray</folder>
	<filename>P01278.jpg</filename>
	<source>
		<database>The X_ray Database</database>
		<annotation>The X_ray Database</annotation>
		<image>X_ray</image>
		<flickrid>0</flickrid>
	</source>
	<owner>
		<flickrid>miaocaijing16@mails.ucas.ac.ac</flickrid>
		<name>MeioJane</name>
	</owner>
	<size>
		<width>920</width>
		<height>755</height>
		<depth>3</depth>
	</size>
	<segmented>0</segmented>
	<object>
		<name>Gun</name>
		<pose>Unspecified</pose>
		<truncated>0</truncated>
		<difficult>0</difficult>
		<bndbox>
			<xmin>407.98</xmin>
			<ymin>327.196</ymin>
			<xmax>487.471</xmax>
			<ymax>426.929</ymax>
		</bndbox>
	</object>
	<object>
		<name>Gun</name>
		<pose>Unspecified</pose>
		<truncated>0</truncated>
		<difficult>0</difficult>
		<bndbox>
			<xmin>429.022</xmin>
			<ymin>314.073</ymin>
			<xmax>600.864</xmax>
			<ymax>438.302</ymax>
		</bndbox>
	</object>
	<object>
		<name>Pliers</name>
		<pose>Unspecified</pose>
		<truncated>0</truncated>
		<difficult>0</difficult>
		<bndbox>
			<xmin>223.278</xmin>
			<ymin>462.798</ymin>
			<xmax>369.403</xmax>
			<ymax>589.652</ymax>
		</bndbox>
	</object>
	<object>
		<name>Pliers</name>
		<pose>Unspecified</pose>
		<truncated>0</truncated>
		<difficult>0</difficult>
		<bndbox>
			<xmin>396.29</xmin>
			<ymin>276.454</ymin>
			<xmax>675.68</xmax>
			<ymax>411.182</ymax>
		</bndbox>
	</object>
</annotation>
