<annotation>
	<folder>X_ray</folder>
	<filename>P01494.jpg</filename>
	<source>
		<database>The X_ray Database</database>
		<annotation>The X_ray Database</annotation>
		<image>X_ray</image>
		<flickrid>0</flickrid>
	</source>
	<owner>
		<flickrid>miaocaijing16@mails.ucas.ac.ac</flickrid>
		<name>MeioJane</name>
	</owner>
	<size>
		<width>898</width>
		<height>769</height>
		<depth>3</depth>
	</size>
	<segmented>0</segmented>
	<object>
		<name>Gun</name>
		<pose>Unspecified</pose>
		<truncated>0</truncated>
		<difficult>0</difficult>
		<bndbox>
			<xmin>408.493</xmin>
			<ymin>148.81</ymin>
			<xmax>612.74</xmax>
			<ymax>305.64</ymax>
		</bndbox>
	</object>
	<object>
		<name>Gun</name>
		<pose>Unspecified</pose>
		<truncated>0</truncated>
		<difficult>0</difficult>
		<bndbox>
			<xmin>439.301</xmin>
			<ymin>253.066</ymin>
			<xmax>562.534</xmax>
			<ymax>427.717</ymax>
		</bndbox>
	</object>
	<object>
		<name>Gun</name>
		<pose>Unspecified</pose>
		<truncated>0</truncated>
		<difficult>0</difficult>
		<bndbox>
			<xmin>498.635</xmin>
			<ymin>449.994</ymin>
			<xmax>694.895</xmax>
			<ymax>545.34</ymax>
		</bndbox>
	</object>
	<object>
		<name>Gun</name>
		<pose>Unspecified</pose>
		<truncated>0</truncated>
		<difficult>0</difficult>
		<bndbox>
			<xmin>221.362</xmin>
			<ymin>326.134</ymin>
			<xmax>367.416</xmax>
			<ymax>474.944</ymax>
		</bndbox>
	</object>
	<object>
		<name>Gun</name>
		<pose>Unspecified</pose>
		<truncated>0</truncated>
		<difficult>0</difficult>
		<bndbox>
			<xmin>308.081</xmin>
			<ymin>480.291</ymin>
			<xmax>499.776</xmax>
			<ymax>633.556</ymax>
		</bndbox>
	</object>
</annotation>
