<annotation>
	<folder>X_ray</folder>
	<filename>P01493.jpg</filename>
	<source>
		<database>The X_ray Database</database>
		<annotation>The X_ray Database</annotation>
		<image>X_ray</image>
		<flickrid>0</flickrid>
	</source>
	<owner>
		<flickrid>miaocaijing16@mails.ucas.ac.ac</flickrid>
		<name>MeioJane</name>
	</owner>
	<size>
		<width>904</width>
		<height>770</height>
		<depth>3</depth>
	</size>
	<segmented>0</segmented>
	<object>
		<name>Gun</name>
		<pose>Unspecified</pose>
		<truncated>0</truncated>
		<difficult>0</difficult>
		<bndbox>
			<xmin>220.544</xmin>
			<ymin>322.097</ymin>
			<xmax>374.465</xmax>
			<ymax>473.778</ymax>
		</bndbox>
	</object>
	<object>
		<name>Gun</name>
		<pose>Unspecified</pose>
		<truncated>0</truncated>
		<difficult>0</difficult>
		<bndbox>
			<xmin>410.074</xmin>
			<ymin>144.542</ymin>
			<xmax>620.28</xmax>
			<ymax>304.253</ymax>
		</bndbox>
	</object>
	<object>
		<name>Gun</name>
		<pose>Unspecified</pose>
		<truncated>0</truncated>
		<difficult>0</difficult>
		<bndbox>
			<xmin>445.682</xmin>
			<ymin>249.826</ymin>
			<xmax>567.441</xmax>
			<ymax>430.058</ymax>
		</bndbox>
	</object>
	<object>
		<name>Gun</name>
		<pose>Unspecified</pose>
		<truncated>0</truncated>
		<difficult>0</difficult>
		<bndbox>
			<xmin>499.67</xmin>
			<ymin>447.903</ymin>
			<xmax>686.902</xmax>
			<ymax>564.786</ymax>
		</bndbox>
	</object>
	<object>
		<name>Gun</name>
		<pose>Unspecified</pose>
		<truncated>0</truncated>
		<difficult>0</difficult>
		<bndbox>
			<xmin>311.288</xmin>
			<ymin>477.346</ymin>
			<xmax>504.264</xmax>
			<ymax>631.703</ymax>
		</bndbox>
	</object>
</annotation>
