<annotation>
	<folder>X_ray</folder>
	<filename>P01477.jpg</filename>
	<source>
		<database>The X_ray Database</database>
		<annotation>The X_ray Database</annotation>
		<image>X_ray</image>
		<flickrid>0</flickrid>
	</source>
	<owner>
		<flickrid>miaocaijing16@mails.ucas.ac.ac</flickrid>
		<name>MeioJane</name>
	</owner>
	<size>
		<width>906</width>
		<height>769</height>
		<depth>3</depth>
	</size>
	<segmented>0</segmented>
	<object>
		<name>Gun</name>
		<pose>Unspecified</pose>
		<truncated>0</truncated>
		<difficult>0</difficult>
		<bndbox>
			<xmin>417.888</xmin>
			<ymin>172.869</ymin>
			<xmax>614.745</xmax>
			<ymax>301.184</ymax>
		</bndbox>
	</object>
	<object>
		<name>Gun</name>
		<pose>Unspecified</pose>
		<truncated>0</truncated>
		<difficult>0</difficult>
		<bndbox>
			<xmin>383.352</xmin>
			<ymin>291.382</ymin>
			<xmax>577.906</xmax>
			<ymax>444.648</ymax>
		</bndbox>
	</object>
</annotation>
