<annotation>
	<folder>X_ray</folder>
	<filename>P01442.jpg</filename>
	<source>
		<database>The X_ray Database</database>
		<annotation>The X_ray Database</annotation>
		<image>X_ray</image>
		<flickrid>0</flickrid>
	</source>
	<owner>
		<flickrid>miaocaijing16@mails.ucas.ac.ac</flickrid>
		<name>MeioJane</name>
	</owner>
	<size>
		<width>566</width>
		<height>568</height>
		<depth>3</depth>
	</size>
	<segmented>0</segmented>
	<object>
		<name>Gun</name>
		<pose>Unspecified</pose>
		<truncated>0</truncated>
		<difficult>0</difficult>
		<bndbox>
			<xmin>40.274</xmin>
			<ymin>86.22</ymin>
			<xmax>161.098</xmax>
			<ymax>263.926</ymax>
		</bndbox>
	</object>
	<object>
		<name>Gun</name>
		<pose>Unspecified</pose>
		<truncated>0</truncated>
		<difficult>0</difficult>
		<bndbox>
			<xmin>80.549</xmin>
			<ymin>223.119</ymin>
			<xmax>177.639</xmax>
			<ymax>379.764</ymax>
		</bndbox>
	</object>
</annotation>
