<annotation>
	<folder>X_ray</folder>
	<filename>P01518.jpg</filename>
	<source>
		<database>The X_ray Database</database>
		<annotation>The X_ray Database</annotation>
		<image>X_ray</image>
		<flickrid>0</flickrid>
	</source>
	<owner>
		<flickrid>miaocaijing16@mails.ucas.ac.ac</flickrid>
		<name>MeioJane</name>
	</owner>
	<size>
		<width>597</width>
		<height>593</height>
		<depth>3</depth>
	</size>
	<segmented>0</segmented>
	<object>
		<name>Gun</name>
		<pose>Unspecified</pose>
		<truncated>0</truncated>
		<difficult>0</difficult>
		<bndbox>
			<xmin>121.372</xmin>
			<ymin>222.633</ymin>
			<xmax>312.534</xmax>
			<ymax>351.815</ymax>
		</bndbox>
	</object>
</annotation>
