<annotation>
	<folder>X_ray</folder>
	<filename>P01662.jpg</filename>
	<source>
		<database>The X_ray Database</database>
		<annotation>The X_ray Database</annotation>
		<image>X_ray</image>
		<flickrid>0</flickrid>
	</source>
	<owner>
		<flickrid>miaocaijing16@mails.ucas.ac.ac</flickrid>
		<name>MeioJane</name>
	</owner>
	<size>
		<width>614</width>
		<height>588</height>
		<depth>3</depth>
	</size>
	<segmented>0</segmented>
	<object>
		<name>Gun</name>
		<pose>Unspecified</pose>
		<truncated>0</truncated>
		<difficult>0</difficult>
		<bndbox>
			<xmin>275.403</xmin>
			<ymin>309.33</ymin>
			<xmax>392.429</xmax>
			<ymax>460.589</ymax>
		</bndbox>
	</object>
	<object>
		<name>Pliers</name>
		<pose>Unspecified</pose>
		<truncated>0</truncated>
		<difficult>0</difficult>
		<bndbox>
			<xmin>403.352</xmin>
			<ymin>53.145</ymin>
			<xmax>585.914</xmax>
			<ymax>302.517</ymax>
		</bndbox>
	</object>
</annotation>
