<annotation>
	<folder>X_ray</folder>
	<filename>P01774.jpg</filename>
	<source>
		<database>The X_ray Database</database>
		<annotation>The X_ray Database</annotation>
		<image>X_ray</image>
		<flickrid>0</flickrid>
	</source>
	<owner>
		<flickrid>miaocaijing16@mails.ucas.ac.ac</flickrid>
		<name>MeioJane</name>
	</owner>
	<size>
		<width>646</width>
		<height>519</height>
		<depth>3</depth>
	</size>
	<segmented>0</segmented>
	<object>
		<name>Gun</name>
		<pose>Unspecified</pose>
		<truncated>0</truncated>
		<difficult>0</difficult>
		<bndbox>
			<xmin>299.606</xmin>
			<ymin>225.521</ymin>
			<xmax>526.978</xmax>
			<ymax>366.247</ymax>
		</bndbox>
	</object>
	<object>
		<name>Gun</name>
		<pose>Unspecified</pose>
		<truncated>0</truncated>
		<difficult>0</difficult>
		<bndbox>
			<xmin>378.407</xmin>
			<ymin>218.305</ymin>
			<xmax>563.916</xmax>
			<ymax>315.73</ymax>
		</bndbox>
	</object>
	<object>
		<name>Gun</name>
		<pose>Unspecified</pose>
		<truncated>0</truncated>
		<difficult>0</difficult>
		<bndbox>
			<xmin>162.526</xmin>
			<ymin>122.684</ymin>
			<xmax>354.602</xmax>
			<ymax>324.751</ymax>
		</bndbox>
	</object>
	<object>
		<name>Gun</name>
		<pose>Unspecified</pose>
		<truncated>0</truncated>
		<difficult>0</difficult>
		<bndbox>
			<xmin>261.848</xmin>
			<ymin>114.866</ymin>
			<xmax>382.511</xmax>
			<ymax>286.863</ymax>
		</bndbox>
	</object>
	<object>
		<name>Gun</name>
		<pose>Unspecified</pose>
		<truncated>0</truncated>
		<difficult>0</difficult>
		<bndbox>
			<xmin>355.423</xmin>
			<ymin>138.32</ymin>
			<xmax>481.011</xmax>
			<ymax>289.269</ymax>
		</bndbox>
	</object>
</annotation>
