<annotation>
	<folder>X_ray</folder>
	<filename>P01710.jpg</filename>
	<source>
		<database>The X_ray Database</database>
		<annotation>The X_ray Database</annotation>
		<image>X_ray</image>
		<flickrid>0</flickrid>
	</source>
	<owner>
		<flickrid>miaocaijing16@mails.ucas.ac.ac</flickrid>
		<name>MeioJane</name>
	</owner>
	<size>
		<width>686</width>
		<height>488</height>
		<depth>3</depth>
	</size>
	<segmented>0</segmented>
	<object>
		<name>Gun</name>
		<pose>Unspecified</pose>
		<truncated>0</truncated>
		<difficult>0</difficult>
		<bndbox>
			<xmin>210.943</xmin>
			<ymin>133.451</ymin>
			<xmax>345.179</xmax>
			<ymax>301.961</ymax>
		</bndbox>
	</object>
	<object>
		<name>Pliers</name>
		<pose>Unspecified</pose>
		<truncated>0</truncated>
		<difficult>0</difficult>
		<bndbox>
			<xmin>61.888</xmin>
			<ymin>334.758</ymin>
			<xmax>319.029</xmax>
			<ymax>373.21</ymax>
		</bndbox>
	</object>
	<object>
		<name>Pliers</name>
		<pose>Unspecified</pose>
		<truncated>0</truncated>
		<difficult>0</difficult>
		<bndbox>
			<xmin>427.116</xmin>
			<ymin>148.153</ymin>
			<xmax>613.652</xmax>
			<ymax>275.949</ymax>
		</bndbox>
	</object>
</annotation>
