<annotation>
	<folder>X_ray</folder>
	<filename>P01754.jpg</filename>
	<source>
		<database>The X_ray Database</database>
		<annotation>The X_ray Database</annotation>
		<image>X_ray</image>
		<flickrid>0</flickrid>
	</source>
	<owner>
		<flickrid>miaocaijing16@mails.ucas.ac.ac</flickrid>
		<name>MeioJane</name>
	</owner>
	<size>
		<width>542</width>
		<height>649</height>
		<depth>3</depth>
	</size>
	<segmented>0</segmented>
	<object>
		<name>Gun</name>
		<pose>Unspecified</pose>
		<truncated>0</truncated>
		<difficult>0</difficult>
		<bndbox>
			<xmin>261.014</xmin>
			<ymin>239.145</ymin>
			<xmax>444.895</xmax>
			<ymax>463.249</ymax>
		</bndbox>
	</object>
	<object>
		<name>Gun</name>
		<pose>Unspecified</pose>
		<truncated>0</truncated>
		<difficult>0</difficult>
		<bndbox>
			<xmin>262.391</xmin>
			<ymin>240.649</ymin>
			<xmax>401.507</xmax>
			<ymax>416.623</ymax>
		</bndbox>
	</object>
</annotation>
