<annotation>
	<folder>X_ray</folder>
	<filename>P01769.jpg</filename>
	<source>
		<database>The X_ray Database</database>
		<annotation>The X_ray Database</annotation>
		<image>X_ray</image>
		<flickrid>0</flickrid>
	</source>
	<owner>
		<flickrid>miaocaijing16@mails.ucas.ac.ac</flickrid>
		<name>MeioJane</name>
	</owner>
	<size>
		<width>609</width>
		<height>601</height>
		<depth>3</depth>
	</size>
	<segmented>0</segmented>
	<object>
		<name>Gun</name>
		<pose>Unspecified</pose>
		<truncated>0</truncated>
		<difficult>0</difficult>
		<bndbox>
			<xmin>249.945</xmin>
			<ymin>210.315</ymin>
			<xmax>452.687</xmax>
			<ymax>353.079</ymax>
		</bndbox>
	</object>
	<object>
		<name>Gun</name>
		<pose>Unspecified</pose>
		<truncated>0</truncated>
		<difficult>0</difficult>
		<bndbox>
			<xmin>239.112</xmin>
			<ymin>252.1</ymin>
			<xmax>419.413</xmax>
			<ymax>427.594</ymax>
		</bndbox>
	</object>
	<object>
		<name>Gun</name>
		<pose>Unspecified</pose>
		<truncated>0</truncated>
		<difficult>0</difficult>
		<bndbox>
			<xmin>136.967</xmin>
			<ymin>304.33</ymin>
			<xmax>361.376</xmax>
			<ymax>455.451</ymax>
		</bndbox>
	</object>
	<object>
		<name>Gun</name>
		<pose>Unspecified</pose>
		<truncated>0</truncated>
		<difficult>0</difficult>
		<bndbox>
			<xmin>161.729</xmin>
			<ymin>302.241</ymin>
			<xmax>330.423</xmax>
			<ymax>465.897</ymax>
		</bndbox>
	</object>
	<object>
		<name>Gun</name>
		<pose>Unspecified</pose>
		<truncated>0</truncated>
		<difficult>0</difficult>
		<bndbox>
			<xmin>32.501</xmin>
			<ymin>359.346</ymin>
			<xmax>217.445</xmax>
			<ymax>505.592</ymax>
		</bndbox>
	</object>
</annotation>
