<annotation>
	<folder>X_ray</folder>
	<filename>P01772.jpg</filename>
	<source>
		<database>The X_ray Database</database>
		<annotation>The X_ray Database</annotation>
		<image>X_ray</image>
		<flickrid>0</flickrid>
	</source>
	<owner>
		<flickrid>miaocaijing16@mails.ucas.ac.ac</flickrid>
		<name>MeioJane</name>
	</owner>
	<size>
		<width>618</width>
		<height>612</height>
		<depth>3</depth>
	</size>
	<segmented>0</segmented>
	<object>
		<name>Gun</name>
		<pose>Unspecified</pose>
		<truncated>0</truncated>
		<difficult>0</difficult>
		<bndbox>
			<xmin>304.681</xmin>
			<ymin>273.024</ymin>
			<xmax>486.076</xmax>
			<ymax>427.62</ymax>
		</bndbox>
	</object>
	<object>
		<name>Gun</name>
		<pose>Unspecified</pose>
		<truncated>0</truncated>
		<difficult>0</difficult>
		<bndbox>
			<xmin>247.357</xmin>
			<ymin>192.89</ymin>
			<xmax>447.598</xmax>
			<ymax>362.378</ymax>
		</bndbox>
	</object>
	<object>
		<name>Gun</name>
		<pose>Unspecified</pose>
		<truncated>0</truncated>
		<difficult>0</difficult>
		<bndbox>
			<xmin>202.597</xmin>
			<ymin>157.432</ymin>
			<xmax>362.005</xmax>
			<ymax>355.286</ymax>
		</bndbox>
	</object>
	<object>
		<name>Gun</name>
		<pose>Unspecified</pose>
		<truncated>0</truncated>
		<difficult>0</difficult>
		<bndbox>
			<xmin>248.142</xmin>
			<ymin>298.554</ymin>
			<xmax>420.9</xmax>
			<ymax>499.954</ymax>
		</bndbox>
	</object>
	<object>
		<name>Gun</name>
		<pose>Unspecified</pose>
		<truncated>0</truncated>
		<difficult>0</difficult>
		<bndbox>
			<xmin>375.355</xmin>
			<ymin>328.338</ymin>
			<xmax>523.769</xmax>
			<ymax>512.718</ymax>
		</bndbox>
	</object>
</annotation>
