<annotation>
	<folder>X_ray</folder>
	<filename>P01973.jpg</filename>
	<source>
		<database>The X_ray Database</database>
		<annotation>The X_ray Database</annotation>
		<image>X_ray</image>
		<flickrid>0</flickrid>
	</source>
	<owner>
		<flickrid>miaocaijing16@mails.ucas.ac.ac</flickrid>
		<name>MeioJane</name>
	</owner>
	<size>
		<width>650</width>
		<height>633</height>
		<depth>3</depth>
	</size>
	<segmented>0</segmented>
	<object>
		<name>Gun</name>
		<pose>Unspecified</pose>
		<truncated>0</truncated>
		<difficult>0</difficult>
		<bndbox>
			<xmin>327.891</xmin>
			<ymin>201.709</ymin>
			<xmax>532.719</xmax>
			<ymax>399.751</ymax>
		</bndbox>
	</object>
	<object>
		<name>Gun</name>
		<pose>Unspecified</pose>
		<truncated>0</truncated>
		<difficult>0</difficult>
		<bndbox>
			<xmin>258.513</xmin>
			<ymin>396.817</ymin>
			<xmax>437.738</xmax>
			<ymax>595.592</ymax>
		</bndbox>
	</object>
	<object>
		<name>Gun</name>
		<pose>Unspecified</pose>
		<truncated>0</truncated>
		<difficult>0</difficult>
		<bndbox>
			<xmin>238.691</xmin>
			<ymin>314.666</ymin>
			<xmax>390.661</xmax>
			<ymax>434.225</ymax>
		</bndbox>
	</object>
	<object>
		<name>Gun</name>
		<pose>Unspecified</pose>
		<truncated>0</truncated>
		<difficult>0</difficult>
		<bndbox>
			<xmin>250.254</xmin>
			<ymin>227.381</ymin>
			<xmax>450.127</xmax>
			<ymax>347.673</ymax>
		</bndbox>
	</object>
	<object>
		<name>Gun</name>
		<pose>Unspecified</pose>
		<truncated>0</truncated>
		<difficult>0</difficult>
		<bndbox>
			<xmin>37.992</xmin>
			<ymin>277.992</ymin>
			<xmax>230.432</xmax>
			<ymax>400.484</ymax>
		</bndbox>
	</object>
	<object>
		<name>Gun</name>
		<pose>Unspecified</pose>
		<truncated>0</truncated>
		<difficult>0</difficult>
		<bndbox>
			<xmin>199.047</xmin>
			<ymin>105.622</ymin>
			<xmax>341.931</xmax>
			<ymax>274.324</ymax>
		</bndbox>
	</object>
</annotation>
