<annotation>
	<folder>X_ray</folder>
	<filename>P01974.jpg</filename>
	<source>
		<database>The X_ray Database</database>
		<annotation>The X_ray Database</annotation>
		<image>X_ray</image>
		<flickrid>0</flickrid>
	</source>
	<owner>
		<flickrid>miaocaijing16@mails.ucas.ac.ac</flickrid>
		<name>MeioJane</name>
	</owner>
	<size>
		<width>609</width>
		<height>621</height>
		<depth>3</depth>
	</size>
	<segmented>0</segmented>
	<object>
		<name>Gun</name>
		<pose>Unspecified</pose>
		<truncated>0</truncated>
		<difficult>0</difficult>
		<bndbox>
			<xmin>325.78</xmin>
			<ymin>287.833</ymin>
			<xmax>516.141</xmax>
			<ymax>488.597</ymax>
		</bndbox>
	</object>
	<object>
		<name>Gun</name>
		<pose>Unspecified</pose>
		<truncated>0</truncated>
		<difficult>0</difficult>
		<bndbox>
			<xmin>231.374</xmin>
			<ymin>273.441</ymin>
			<xmax>347.447</xmax>
			<ymax>404.406</ymax>
		</bndbox>
	</object>
	<object>
		<name>Gun</name>
		<pose>Unspecified</pose>
		<truncated>0</truncated>
		<difficult>0</difficult>
		<bndbox>
			<xmin>0</xmin>
			<ymin>230.986</ymin>
			<xmax>146.253</xmax>
			<ymax>378.501</ymax>
		</bndbox>
	</object>
	<object>
		<name>Gun</name>
		<pose>Unspecified</pose>
		<truncated>0</truncated>
		<difficult>0</difficult>
		<bndbox>
			<xmin>90.537</xmin>
			<ymin>353.315</ymin>
			<xmax>272.386</xmax>
			<ymax>539.687</ymax>
		</bndbox>
	</object>
	<object>
		<name>Gun</name>
		<pose>Unspecified</pose>
		<truncated>0</truncated>
		<difficult>0</difficult>
		<bndbox>
			<xmin>166.372</xmin>
			<ymin>178.457</ymin>
			<xmax>297.922</xmax>
			<ymax>362.67</ymax>
		</bndbox>
	</object>
	<object>
		<name>Gun</name>
		<pose>Unspecified</pose>
		<truncated>0</truncated>
		<difficult>0</difficult>
		<bndbox>
			<xmin>210.48</xmin>
			<ymin>123.049</ymin>
			<xmax>361.376</xmax>
			<ymax>323.812</ymax>
		</bndbox>
	</object>
</annotation>
