<annotation>
	<folder>X_ray</folder>
	<filename>P01982.jpg</filename>
	<source>
		<database>The X_ray Database</database>
		<annotation>The X_ray Database</annotation>
		<image>X_ray</image>
		<flickrid>0</flickrid>
	</source>
	<owner>
		<flickrid>miaocaijing16@mails.ucas.ac.ac</flickrid>
		<name>MeioJane</name>
	</owner>
	<size>
		<width>597</width>
		<height>588</height>
		<depth>3</depth>
	</size>
	<segmented>0</segmented>
	<object>
		<name>Gun</name>
		<pose>Unspecified</pose>
		<truncated>0</truncated>
		<difficult>0</difficult>
		<bndbox>
			<xmin>91.029</xmin>
			<ymin>151.258</ymin>
			<xmax>179.783</xmax>
			<ymax>343.397</ymax>
		</bndbox>
	</object>
	<object>
		<name>Gun</name>
		<pose>Unspecified</pose>
		<truncated>0</truncated>
		<difficult>0</difficult>
		<bndbox>
			<xmin>169.921</xmin>
			<ymin>207.81</ymin>
			<xmax>317.844</xmax>
			<ymax>350.211</ymax>
		</bndbox>
	</object>
	<object>
		<name>Gun</name>
		<pose>Unspecified</pose>
		<truncated>0</truncated>
		<difficult>0</difficult>
		<bndbox>
			<xmin>389.909</xmin>
			<ymin>225.525</ymin>
			<xmax>566.657</xmax>
			<ymax>388.366</ymax>
		</bndbox>
	</object>
	<object>
		<name>Gun</name>
		<pose>Unspecified</pose>
		<truncated>0</truncated>
		<difficult>0</difficult>
		<bndbox>
			<xmin>255.64</xmin>
			<ymin>235.745</ymin>
			<xmax>425.562</xmax>
			<ymax>413.576</ymax>
		</bndbox>
	</object>
	<object>
		<name>Gun</name>
		<pose>Unspecified</pose>
		<truncated>0</truncated>
		<difficult>0</difficult>
		<bndbox>
			<xmin>220.746</xmin>
			<ymin>267.768</ymin>
			<xmax>311.017</xmax>
			<ymax>461.27</ymax>
		</bndbox>
	</object>
	<object>
		<name>Gun</name>
		<pose>Unspecified</pose>
		<truncated>0</truncated>
		<difficult>0</difficult>
		<bndbox>
			<xmin>259.433</xmin>
			<ymin>153.984</ymin>
			<xmax>439.975</xmax>
			<ymax>264.362</ymax>
		</bndbox>
	</object>
</annotation>
