<annotation>
	<folder>X_ray</folder>
	<filename>P01980.jpg</filename>
	<source>
		<database>The X_ray Database</database>
		<annotation>The X_ray Database</annotation>
		<image>X_ray</image>
		<flickrid>0</flickrid>
	</source>
	<owner>
		<flickrid>miaocaijing16@mails.ucas.ac.ac</flickrid>
		<name>MeioJane</name>
	</owner>
	<size>
		<width>630</width>
		<height>579</height>
		<depth>3</depth>
	</size>
	<segmented>0</segmented>
	<object>
		<name>Gun</name>
		<pose>Unspecified</pose>
		<truncated>0</truncated>
		<difficult>0</difficult>
		<bndbox>
			<xmin>299.39</xmin>
			<ymin>364.978</ymin>
			<xmax>413.062</xmax>
			<ymax>499.832</ymax>
		</bndbox>
	</object>
	<object>
		<name>Gun</name>
		<pose>Unspecified</pose>
		<truncated>0</truncated>
		<difficult>0</difficult>
		<bndbox>
			<xmin>166.506</xmin>
			<ymin>315.33</ymin>
			<xmax>363.431</xmax>
			<ymax>425.36</ymax>
		</bndbox>
	</object>
	<object>
		<name>Gun</name>
		<pose>Unspecified</pose>
		<truncated>0</truncated>
		<difficult>0</difficult>
		<bndbox>
			<xmin>89.657</xmin>
			<ymin>262.999</ymin>
			<xmax>296.989</xmax>
			<ymax>445.488</ymax>
		</bndbox>
	</object>
	<object>
		<name>Gun</name>
		<pose>Unspecified</pose>
		<truncated>0</truncated>
		<difficult>0</difficult>
		<bndbox>
			<xmin>165.705</xmin>
			<ymin>222.073</ymin>
			<xmax>328.208</xmax>
			<ymax>346.863</ymax>
		</bndbox>
	</object>
	<object>
		<name>Gun</name>
		<pose>Unspecified</pose>
		<truncated>0</truncated>
		<difficult>0</difficult>
		<bndbox>
			<xmin>104.867</xmin>
			<ymin>35.559</ymin>
			<xmax>294.587</xmax>
			<ymax>232.137</ymax>
		</bndbox>
	</object>
	<object>
		<name>Gun</name>
		<pose>Unspecified</pose>
		<truncated>0</truncated>
		<difficult>0</difficult>
		<bndbox>
			<xmin>312.999</xmin>
			<ymin>232.808</ymin>
			<xmax>514.727</xmax>
			<ymax>408.587</ymax>
		</bndbox>
	</object>
</annotation>
