<annotation>
	<folder>X_ray</folder>
	<filename>P02140.jpg</filename>
	<source>
		<database>The X_ray Database</database>
		<annotation>The X_ray Database</annotation>
		<image>X_ray</image>
		<flickrid>0</flickrid>
	</source>
	<owner>
		<flickrid>miaocaijing16@mails.ucas.ac.ac</flickrid>
		<name>MeioJane</name>
	</owner>
	<size>
		<width>636</width>
		<height>587</height>
		<depth>3</depth>
	</size>
	<segmented>0</segmented>
	<object>
		<name>Gun</name>
		<pose>Unspecified</pose>
		<truncated>0</truncated>
		<difficult>0</difficult>
		<bndbox>
			<xmin>151.929</xmin>
			<ymin>199.975</ymin>
			<xmax>340.224</xmax>
			<ymax>380.224</ymax>
		</bndbox>
	</object>
	<object>
		<name>Wrench</name>
		<pose>Unspecified</pose>
		<truncated>0</truncated>
		<difficult>0</difficult>
		<bndbox>
			<xmin>247.288</xmin>
			<ymin>231.263</ymin>
			<xmax>485.687</xmax>
			<ymax>281.597</ymax>
		</bndbox>
	</object>
	<object>
		<name>Pliers</name>
		<pose>Unspecified</pose>
		<truncated>0</truncated>
		<difficult>0</difficult>
		<bndbox>
			<xmin>262.643</xmin>
			<ymin>180.249</ymin>
			<xmax>526.094</xmax>
			<ymax>251.669</ymax>
		</bndbox>
	</object>
</annotation>
