<annotation>
	<folder>X_ray</folder>
	<filename>P02264.jpg</filename>
	<source>
		<database>The X_ray Database</database>
		<annotation>The X_ray Database</annotation>
		<image>X_ray</image>
		<flickrid>0</flickrid>
	</source>
	<owner>
		<flickrid>miaocaijing16@mails.ucas.ac.ac</flickrid>
		<name>MeioJane</name>
	</owner>
	<size>
		<width>534</width>
		<height>596</height>
		<depth>3</depth>
	</size>
	<segmented>0</segmented>
	<object>
		<name>Gun</name>
		<pose>Unspecified</pose>
		<truncated>0</truncated>
		<difficult>0</difficult>
		<bndbox>
			<xmin>100.422</xmin>
			<ymin>15.884</ymin>
			<xmax>285.659</xmax>
			<ymax>151.935</ymax>
		</bndbox>
	</object>
</annotation>
