<annotation>
	<folder>X_ray</folder>
	<filename>P02389.jpg</filename>
	<source>
		<database>The X_ray Database</database>
		<annotation>The X_ray Database</annotation>
		<image>X_ray</image>
		<flickrid>0</flickrid>
	</source>
	<owner>
		<flickrid>miaocaijing16@mails.ucas.ac.ac</flickrid>
		<name>MeioJane</name>
	</owner>
	<size>
		<width>841</width>
		<height>542</height>
		<depth>3</depth>
	</size>
	<segmented>0</segmented>
	<object>
		<name>Gun</name>
		<pose>Unspecified</pose>
		<truncated>0</truncated>
		<difficult>0</difficult>
		<bndbox>
			<xmin>136.783</xmin>
			<ymin>180.248</ymin>
			<xmax>262.879</xmax>
			<ymax>317.789</ymax>
		</bndbox>
	</object>
	<object>
		<name>Gun</name>
		<pose>Unspecified</pose>
		<truncated>0</truncated>
		<difficult>0</difficult>
		<bndbox>
			<xmin>299.212</xmin>
			<ymin>162.663</ymin>
			<xmax>454.161</xmax>
			<ymax>287.015</ymax>
		</bndbox>
	</object>
	<object>
		<name>Gun</name>
		<pose>Unspecified</pose>
		<truncated>0</truncated>
		<difficult>0</difficult>
		<bndbox>
			<xmin>123.959</xmin>
			<ymin>349.819</ymin>
			<xmax>307.761</xmax>
			<ymax>408.227</ymax>
		</bndbox>
	</object>
</annotation>
