<annotation>
	<folder>X_ray</folder>
	<filename>P02440.jpg</filename>
	<source>
		<database>The X_ray Database</database>
		<annotation>The X_ray Database</annotation>
		<image>X_ray</image>
		<flickrid>0</flickrid>
	</source>
	<owner>
		<flickrid>miaocaijing16@mails.ucas.ac.ac</flickrid>
		<name>MeioJane</name>
	</owner>
	<size>
		<width>807</width>
		<height>463</height>
		<depth>3</depth>
	</size>
	<segmented>0</segmented>
	<object>
		<name>Gun</name>
		<pose>Unspecified</pose>
		<truncated>0</truncated>
		<difficult>0</difficult>
		<bndbox>
			<xmin>113.821</xmin>
			<ymin>122.859</ymin>
			<xmax>239.947</xmax>
			<ymax>238.206</ymax>
		</bndbox>
	</object>
	<object>
		<name>Gun</name>
		<pose>Unspecified</pose>
		<truncated>0</truncated>
		<difficult>0</difficult>
		<bndbox>
			<xmin>296.344</xmin>
			<ymin>180.264</ymin>
			<xmax>525.011</xmax>
			<ymax>281.663</ymax>
		</bndbox>
	</object>
	<object>
		<name>Gun</name>
		<pose>Unspecified</pose>
		<truncated>0</truncated>
		<difficult>0</difficult>
		<bndbox>
			<xmin>135.355</xmin>
			<ymin>176.509</ymin>
			<xmax>292.243</xmax>
			<ymax>266.104</ymax>
		</bndbox>
	</object>
</annotation>
