<annotation>
	<folder>X_ray</folder>
	<filename>P02410.jpg</filename>
	<source>
		<database>The X_ray Database</database>
		<annotation>The X_ray Database</annotation>
		<image>X_ray</image>
		<flickrid>0</flickrid>
	</source>
	<owner>
		<flickrid>miaocaijing16@mails.ucas.ac.ac</flickrid>
		<name>MeioJane</name>
	</owner>
	<size>
		<width>1512</width>
		<height>613</height>
		<depth>3</depth>
	</size>
	<segmented>0</segmented>
	<object>
		<name>Gun</name>
		<pose>Unspecified</pose>
		<truncated>0</truncated>
		<difficult>0</difficult>
		<bndbox>
			<xmin>299.71</xmin>
			<ymin>37.647</ymin>
			<xmax>420.747</xmax>
			<ymax>149.876</ymax>
		</bndbox>
	</object>
	<object>
		<name>Gun</name>
		<pose>Unspecified</pose>
		<truncated>0</truncated>
		<difficult>0</difficult>
		<bndbox>
			<xmin>357.347</xmin>
			<ymin>98.023</ymin>
			<xmax>605.184</xmax>
			<ymax>207.411</ymax>
		</bndbox>
	</object>
</annotation>
