<annotation>
	<folder>X_ray</folder>
	<filename>P02412.jpg</filename>
	<source>
		<database>The X_ray Database</database>
		<annotation>The X_ray Database</annotation>
		<image>X_ray</image>
		<flickrid>0</flickrid>
	</source>
	<owner>
		<flickrid>miaocaijing16@mails.ucas.ac.ac</flickrid>
		<name>MeioJane</name>
	</owner>
	<size>
		<width>798</width>
		<height>441</height>
		<depth>3</depth>
	</size>
	<segmented>0</segmented>
	<object>
		<name>Gun</name>
		<pose>Unspecified</pose>
		<truncated>0</truncated>
		<difficult>0</difficult>
		<bndbox>
			<xmin>148.041</xmin>
			<ymin>314.27</ymin>
			<xmax>338.668</xmax>
			<ymax>391.432</ymax>
		</bndbox>
	</object>
	<object>
		<name>Gun</name>
		<pose>Unspecified</pose>
		<truncated>0</truncated>
		<difficult>0</difficult>
		<bndbox>
			<xmin>358.948</xmin>
			<ymin>316.314</ymin>
			<xmax>486.709</xmax>
			<ymax>378.146</ymax>
		</bndbox>
	</object>
	<object>
		<name>Gun</name>
		<pose>Unspecified</pose>
		<truncated>0</truncated>
		<difficult>0</difficult>
		<bndbox>
			<xmin>429.926</xmin>
			<ymin>165.567</ymin>
			<xmax>588.107</xmax>
			<ymax>258.059</ymax>
		</bndbox>
	</object>
</annotation>
