<annotation>
	<folder>X_ray</folder>
	<filename>P02414.jpg</filename>
	<source>
		<database>The X_ray Database</database>
		<annotation>The X_ray Database</annotation>
		<image>X_ray</image>
		<flickrid>0</flickrid>
	</source>
	<owner>
		<flickrid>miaocaijing16@mails.ucas.ac.ac</flickrid>
		<name>MeioJane</name>
	</owner>
	<size>
		<width>796</width>
		<height>452</height>
		<depth>3</depth>
	</size>
	<segmented>0</segmented>
	<object>
		<name>Gun</name>
		<pose>Unspecified</pose>
		<truncated>0</truncated>
		<difficult>0</difficult>
		<bndbox>
			<xmin>144.635</xmin>
			<ymin>320.014</ymin>
			<xmax>332.762</xmax>
			<ymax>392.816</ymax>
		</bndbox>
	</object>
	<object>
		<name>Gun</name>
		<pose>Unspecified</pose>
		<truncated>0</truncated>
		<difficult>0</difficult>
		<bndbox>
			<xmin>458.18</xmin>
			<ymin>306.396</ymin>
			<xmax>605.85</xmax>
			<ymax>375.532</ymax>
		</bndbox>
	</object>
	<object>
		<name>Gun</name>
		<pose>Unspecified</pose>
		<truncated>0</truncated>
		<difficult>0</difficult>
		<bndbox>
			<xmin>422.78</xmin>
			<ymin>153.984</ymin>
			<xmax>586.633</xmax>
			<ymax>251.926</ymax>
		</bndbox>
	</object>
</annotation>
