<annotation>
	<folder>X_ray</folder>
	<filename>P02418.jpg</filename>
	<source>
		<database>The X_ray Database</database>
		<annotation>The X_ray Database</annotation>
		<image>X_ray</image>
		<flickrid>0</flickrid>
	</source>
	<owner>
		<flickrid>miaocaijing16@mails.ucas.ac.ac</flickrid>
		<name>MeioJane</name>
	</owner>
	<size>
		<width>798</width>
		<height>466</height>
		<depth>3</depth>
	</size>
	<segmented>0</segmented>
	<object>
		<name>Gun</name>
		<pose>Unspecified</pose>
		<truncated>0</truncated>
		<difficult>0</difficult>
		<bndbox>
			<xmin>154.125</xmin>
			<ymin>296.987</ymin>
			<xmax>268.704</xmax>
			<ymax>424.422</ymax>
		</bndbox>
	</object>
	<object>
		<name>Gun</name>
		<pose>Unspecified</pose>
		<truncated>0</truncated>
		<difficult>0</difficult>
		<bndbox>
			<xmin>296.081</xmin>
			<ymin>165.233</ymin>
			<xmax>416.745</xmax>
			<ymax>255.409</ymax>
		</bndbox>
	</object>
	<object>
		<name>Gun</name>
		<pose>Unspecified</pose>
		<truncated>0</truncated>
		<difficult>0</difficult>
		<bndbox>
			<xmin>457.304</xmin>
			<ymin>142.554</ymin>
			<xmax>630.694</xmax>
			<ymax>254.329</ymax>
		</bndbox>
	</object>
</annotation>
