<annotation>
	<folder>X_ray</folder>
	<filename>P02532.jpg</filename>
	<source>
		<database>The X_ray Database</database>
		<annotation>The X_ray Database</annotation>
		<image>X_ray</image>
		<flickrid>0</flickrid>
	</source>
	<owner>
		<flickrid>miaocaijing16@mails.ucas.ac.ac</flickrid>
		<name>MeioJane</name>
	</owner>
	<size>
		<width>838</width>
		<height>418</height>
		<depth>3</depth>
	</size>
	<segmented>0</segmented>
	<object>
		<name>Gun</name>
		<pose>Unspecified</pose>
		<truncated>0</truncated>
		<difficult>0</difficult>
		<bndbox>
			<xmin>11.713</xmin>
			<ymin>157.9</ymin>
			<xmax>235.321</xmax>
			<ymax>255.256</ymax>
		</bndbox>
	</object>
	<object>
		<name>Gun</name>
		<pose>Unspecified</pose>
		<truncated>0</truncated>
		<difficult>0</difficult>
		<bndbox>
			<xmin>496.198</xmin>
			<ymin>193.258</ymin>
			<xmax>681.474</xmax>
			<ymax>255.74</ymax>
		</bndbox>
	</object>
	<object>
		<name>Gun</name>
		<pose>Unspecified</pose>
		<truncated>0</truncated>
		<difficult>0</difficult>
		<bndbox>
			<xmin>485.55</xmin>
			<ymin>265.912</ymin>
			<xmax>606.938</xmax>
			<ymax>309.988</ymax>
		</bndbox>
	</object>
</annotation>
