<annotation>
	<folder>X_ray</folder>
	<filename>P02550.jpg</filename>
	<source>
		<database>The X_ray Database</database>
		<annotation>The X_ray Database</annotation>
		<image>X_ray</image>
		<flickrid>0</flickrid>
	</source>
	<owner>
		<flickrid>miaocaijing16@mails.ucas.ac.ac</flickrid>
		<name>MeioJane</name>
	</owner>
	<size>
		<width>872</width>
		<height>586</height>
		<depth>3</depth>
	</size>
	<segmented>0</segmented>
	<object>
		<name>Gun</name>
		<pose>Unspecified</pose>
		<truncated>0</truncated>
		<difficult>0</difficult>
		<bndbox>
			<xmin>86.424</xmin>
			<ymin>296.735</ymin>
			<xmax>137.393</xmax>
			<ymax>486.183</ymax>
		</bndbox>
	</object>
	<object>
		<name>Gun</name>
		<pose>Unspecified</pose>
		<truncated>0</truncated>
		<difficult>0</difficult>
		<bndbox>
			<xmin>157.337</xmin>
			<ymin>336.118</ymin>
			<xmax>275.893</xmax>
			<ymax>498.406</ymax>
		</bndbox>
	</object>
	<object>
		<name>Gun</name>
		<pose>Unspecified</pose>
		<truncated>0</truncated>
		<difficult>0</difficult>
		<bndbox>
			<xmin>110.801</xmin>
			<ymin>193.523</ymin>
			<xmax>222.709</xmax>
			<ymax>293.34</ymax>
		</bndbox>
	</object>
</annotation>
