<annotation>
	<folder>X_ray</folder>
	<filename>P02519.jpg</filename>
	<source>
		<database>The X_ray Database</database>
		<annotation>The X_ray Database</annotation>
		<image>X_ray</image>
		<flickrid>0</flickrid>
	</source>
	<owner>
		<flickrid>miaocaijing16@mails.ucas.ac.ac</flickrid>
		<name>MeioJane</name>
	</owner>
	<size>
		<width>858</width>
		<height>570</height>
		<depth>3</depth>
	</size>
	<segmented>0</segmented>
	<object>
		<name>Gun</name>
		<pose>Unspecified</pose>
		<truncated>0</truncated>
		<difficult>0</difficult>
		<bndbox>
			<xmin>74.135</xmin>
			<ymin>181.634</ymin>
			<xmax>289.997</xmax>
			<ymax>252.966</ymax>
		</bndbox>
	</object>
	<object>
		<name>Gun</name>
		<pose>Unspecified</pose>
		<truncated>0</truncated>
		<difficult>0</difficult>
		<bndbox>
			<xmin>115.563</xmin>
			<ymin>70.012</ymin>
			<xmax>251.84</xmax>
			<ymax>147.289</ymax>
		</bndbox>
	</object>
	<object>
		<name>Gun</name>
		<pose>Unspecified</pose>
		<truncated>0</truncated>
		<difficult>0</difficult>
		<bndbox>
			<xmin>367.403</xmin>
			<ymin>68.03</ymin>
			<xmax>556.01</xmax>
			<ymax>144.647</ymax>
		</bndbox>
	</object>
</annotation>
