<annotation>
	<folder>X_ray</folder>
	<filename>P02687.jpg</filename>
	<source>
		<database>The X_ray Database</database>
		<annotation>The X_ray Database</annotation>
		<image>X_ray</image>
		<flickrid>0</flickrid>
	</source>
	<owner>
		<flickrid>miaocaijing16@mails.ucas.ac.ac</flickrid>
		<name>MeioJane</name>
	</owner>
	<size>
		<width>870</width>
		<height>635</height>
		<depth>3</depth>
	</size>
	<segmented>0</segmented>
	<object>
		<name>Gun</name>
		<pose>Unspecified</pose>
		<truncated>0</truncated>
		<difficult>0</difficult>
		<bndbox>
			<xmin>84.015</xmin>
			<ymin>269.305</ymin>
			<xmax>269.733</xmax>
			<ymax>379.676</ymax>
		</bndbox>
	</object>
	<object>
		<name>Gun</name>
		<pose>Unspecified</pose>
		<truncated>0</truncated>
		<difficult>0</difficult>
		<bndbox>
			<xmin>147.027</xmin>
			<ymin>342.885</ymin>
			<xmax>373.647</xmax>
			<ymax>468.708</ymax>
		</bndbox>
	</object>
	<object>
		<name>Gun</name>
		<pose>Unspecified</pose>
		<truncated>0</truncated>
		<difficult>0</difficult>
		<bndbox>
			<xmin>23.215</xmin>
			<ymin>217.063</ymin>
			<xmax>152.554</xmax>
			<ymax>309.038</ymax>
		</bndbox>
	</object>
</annotation>
