<annotation>
	<folder>X_ray</folder>
	<filename>P02699.jpg</filename>
	<source>
		<database>The X_ray Database</database>
		<annotation>The X_ray Database</annotation>
		<image>X_ray</image>
		<flickrid>0</flickrid>
	</source>
	<owner>
		<flickrid>miaocaijing16@mails.ucas.ac.ac</flickrid>
		<name>MeioJane</name>
	</owner>
	<size>
		<width>854</width>
		<height>594</height>
		<depth>3</depth>
	</size>
	<segmented>0</segmented>
	<object>
		<name>Gun</name>
		<pose>Unspecified</pose>
		<truncated>0</truncated>
		<difficult>0</difficult>
		<bndbox>
			<xmin>493.736</xmin>
			<ymin>174.827</ymin>
			<xmax>686.889</xmax>
			<ymax>295.968</ymax>
		</bndbox>
	</object>
	<object>
		<name>Gun</name>
		<pose>Unspecified</pose>
		<truncated>0</truncated>
		<difficult>0</difficult>
		<bndbox>
			<xmin>473.118</xmin>
			<ymin>276.007</ymin>
			<xmax>693.4</xmax>
			<ymax>378.563</ymax>
		</bndbox>
	</object>
	<object>
		<name>Gun</name>
		<pose>Unspecified</pose>
		<truncated>0</truncated>
		<difficult>0</difficult>
		<bndbox>
			<xmin>619.611</xmin>
			<ymin>305.604</ymin>
			<xmax>719.443</xmax>
			<ymax>461.159</ymax>
		</bndbox>
	</object>
</annotation>
