<annotation>
	<folder>X_ray</folder>
	<filename>P02613.jpg</filename>
	<source>
		<database>The X_ray Database</database>
		<annotation>The X_ray Database</annotation>
		<image>X_ray</image>
		<flickrid>0</flickrid>
	</source>
	<owner>
		<flickrid>miaocaijing16@mails.ucas.ac.ac</flickrid>
		<name>MeioJane</name>
	</owner>
	<size>
		<width>1512</width>
		<height>695</height>
		<depth>3</depth>
	</size>
	<segmented>0</segmented>
	<object>
		<name>Gun</name>
		<pose>Unspecified</pose>
		<truncated>0</truncated>
		<difficult>0</difficult>
		<bndbox>
			<xmin>355.426</xmin>
			<ymin>263.343</ymin>
			<xmax>459.172</xmax>
			<ymax>336.628</ymax>
		</bndbox>
	</object>
	<object>
		<name>Gun</name>
		<pose>Unspecified</pose>
		<truncated>0</truncated>
		<difficult>0</difficult>
		<bndbox>
			<xmin>309.316</xmin>
			<ymin>373.673</ymin>
			<xmax>413.062</xmax>
			<ymax>466.286</ymax>
		</bndbox>
	</object>
	<object>
		<name>Gun</name>
		<pose>Unspecified</pose>
		<truncated>0</truncated>
		<difficult>0</difficult>
		<bndbox>
			<xmin>303.553</xmin>
			<ymin>243.21</ymin>
			<xmax>374.638</xmax>
			<ymax>395.417</ymax>
		</bndbox>
	</object>
</annotation>
