<annotation>
	<folder>X_ray</folder>
	<filename>P02603.jpg</filename>
	<source>
		<database>The X_ray Database</database>
		<annotation>The X_ray Database</annotation>
		<image>X_ray</image>
		<flickrid>0</flickrid>
	</source>
	<owner>
		<flickrid>miaocaijing16@mails.ucas.ac.ac</flickrid>
		<name>MeioJane</name>
	</owner>
	<size>
		<width>824</width>
		<height>575</height>
		<depth>3</depth>
	</size>
	<segmented>0</segmented>
	<object>
		<name>Gun</name>
		<pose>Unspecified</pose>
		<truncated>0</truncated>
		<difficult>0</difficult>
		<bndbox>
			<xmin>65.962</xmin>
			<ymin>276.506</ymin>
			<xmax>254.424</xmax>
			<ymax>344.467</ymax>
		</bndbox>
	</object>
	<object>
		<name>Gun</name>
		<pose>Unspecified</pose>
		<truncated>0</truncated>
		<difficult>0</difficult>
		<bndbox>
			<xmin>68.056</xmin>
			<ymin>206.547</ymin>
			<xmax>175.898</xmax>
			<ymax>342.468</ymax>
		</bndbox>
	</object>
	<object>
		<name>Knife</name>
		<pose>Unspecified</pose>
		<truncated>0</truncated>
		<difficult>0</difficult>
		<bndbox>
			<xmin>81.667</xmin>
			<ymin>431.083</ymin>
			<xmax>486.861</xmax>
			<ymax>527.694</ymax>
		</bndbox>
	</object>
	<object>
		<name>Knife</name>
		<pose>Unspecified</pose>
		<truncated>0</truncated>
		<difficult>0</difficult>
		<bndbox>
			<xmin>70.15</xmin>
			<ymin>477.057</ymin>
			<xmax>486.861</xmax>
			<ymax>561.008</ymax>
		</bndbox>
	</object>
</annotation>
