<annotation>
	<folder>X_ray</folder>
	<filename>P02663.jpg</filename>
	<source>
		<database>The X_ray Database</database>
		<annotation>The X_ray Database</annotation>
		<image>X_ray</image>
		<flickrid>0</flickrid>
	</source>
	<owner>
		<flickrid>miaocaijing16@mails.ucas.ac.ac</flickrid>
		<name>MeioJane</name>
	</owner>
	<size>
		<width>847</width>
		<height>646</height>
		<depth>3</depth>
	</size>
	<segmented>0</segmented>
	<object>
		<name>Gun</name>
		<pose>Unspecified</pose>
		<truncated>0</truncated>
		<difficult>0</difficult>
		<bndbox>
			<xmin>119.463</xmin>
			<ymin>404.966</ymin>
			<xmax>372.379</xmax>
			<ymax>537.46</ymax>
		</bndbox>
	</object>
	<object>
		<name>Gun</name>
		<pose>Unspecified</pose>
		<truncated>0</truncated>
		<difficult>0</difficult>
		<bndbox>
			<xmin>89.328</xmin>
			<ymin>435.657</ymin>
			<xmax>212.019</xmax>
			<ymax>527.729</ymax>
		</bndbox>
	</object>
	<object>
		<name>Knife</name>
		<pose>Unspecified</pose>
		<truncated>0</truncated>
		<difficult>0</difficult>
		<bndbox>
			<xmin>50.583</xmin>
			<ymin>89.078</ymin>
			<xmax>496.146</xmax>
			<ymax>351.071</ymax>
		</bndbox>
	</object>
</annotation>
