<annotation>
	<folder>X_ray</folder>
	<filename>P02961.jpg</filename>
	<source>
		<database>The X_ray Database</database>
		<annotation>The X_ray Database</annotation>
		<image>X_ray</image>
		<flickrid>0</flickrid>
	</source>
	<owner>
		<flickrid>miaocaijing16@mails.ucas.ac.ac</flickrid>
		<name>MeioJane</name>
	</owner>
	<size>
		<width>666</width>
		<height>460</height>
		<depth>3</depth>
	</size>
	<segmented>0</segmented>
	<object>
		<name>Gun</name>
		<pose>Unspecified</pose>
		<truncated>0</truncated>
		<difficult>0</difficult>
		<bndbox>
			<xmin>464.592</xmin>
			<ymin>125.261</ymin>
			<xmax>608.455</xmax>
			<ymax>299.027</ymax>
		</bndbox>
	</object>
	<object>
		<name>Gun</name>
		<pose>Unspecified</pose>
		<truncated>0</truncated>
		<difficult>0</difficult>
		<bndbox>
			<xmin>451.052</xmin>
			<ymin>239.861</ymin>
			<xmax>650.767</xmax>
			<ymax>352.862</ymax>
		</bndbox>
	</object>
	<object>
		<name>Knife</name>
		<pose>Unspecified</pose>
		<truncated>0</truncated>
		<difficult>0</difficult>
		<bndbox>
			<xmin>210.717</xmin>
			<ymin>380.046</ymin>
			<xmax>611.84</xmax>
			<ymax>411.495</ymax>
		</bndbox>
	</object>
</annotation>
