<annotation>
	<folder>X_ray</folder>
	<filename>P02903.jpg</filename>
	<source>
		<database>The X_ray Database</database>
		<annotation>The X_ray Database</annotation>
		<image>X_ray</image>
		<flickrid>0</flickrid>
	</source>
	<owner>
		<flickrid>miaocaijing16@mails.ucas.ac.ac</flickrid>
		<name>MeioJane</name>
	</owner>
	<size>
		<width>838</width>
		<height>575</height>
		<depth>3</depth>
	</size>
	<segmented>0</segmented>
	<object>
		<name>Gun</name>
		<pose>Unspecified</pose>
		<truncated>0</truncated>
		<difficult>0</difficult>
		<bndbox>
			<xmin>596.29</xmin>
			<ymin>278.505</ymin>
			<xmax>748.557</xmax>
			<ymax>402.433</ymax>
		</bndbox>
	</object>
	<object>
		<name>Gun</name>
		<pose>Unspecified</pose>
		<truncated>0</truncated>
		<difficult>0</difficult>
		<bndbox>
			<xmin>489.809</xmin>
			<ymin>270.51</ymin>
			<xmax>643.141</xmax>
			<ymax>326.477</ymax>
		</bndbox>
	</object>
	<object>
		<name>Knife</name>
		<pose>Unspecified</pose>
		<truncated>0</truncated>
		<difficult>0</difficult>
		<bndbox>
			<xmin>381.199</xmin>
			<ymin>246.524</ymin>
			<xmax>780.501</xmax>
			<ymax>365.122</ymax>
		</bndbox>
	</object>
	<object>
		<name>Knife</name>
		<pose>Unspecified</pose>
		<truncated>0</truncated>
		<difficult>0</difficult>
		<bndbox>
			<xmin>709.307</xmin>
			<ymin>259.846</ymin>
			<xmax>802.086</xmax>
			<ymax>509.256</ymax>
		</bndbox>
	</object>
</annotation>
