<annotation>
	<folder>X_ray</folder>
	<filename>P02999.jpg</filename>
	<source>
		<database>The X_ray Database</database>
		<annotation>The X_ray Database</annotation>
		<image>X_ray</image>
		<flickrid>0</flickrid>
	</source>
	<owner>
		<flickrid>miaocaijing16@mails.ucas.ac.ac</flickrid>
		<name>MeioJane</name>
	</owner>
	<size>
		<width>838</width>
		<height>588</height>
		<depth>3</depth>
	</size>
	<segmented>0</segmented>
	<object>
		<name>Gun</name>
		<pose>Unspecified</pose>
		<truncated>0</truncated>
		<difficult>0</difficult>
		<bndbox>
			<xmin>58.564</xmin>
			<ymin>359.75</ymin>
			<xmax>107.545</xmax>
			<ymax>493.293</ymax>
		</bndbox>
	</object>
	<object>
		<name>Gun</name>
		<pose>Unspecified</pose>
		<truncated>0</truncated>
		<difficult>0</difficult>
		<bndbox>
			<xmin>126.712</xmin>
			<ymin>374.739</ymin>
			<xmax>222.544</xmax>
			<ymax>487.161</ymax>
		</bndbox>
	</object>
	<object>
		<name>Knife</name>
		<pose>Unspecified</pose>
		<truncated>0</truncated>
		<difficult>0</difficult>
		<bndbox>
			<xmin>52.175</xmin>
			<ymin>192.139</ymin>
			<xmax>456.801</xmax>
			<ymax>300.473</ymax>
		</bndbox>
	</object>
	<object>
		<name>Knife</name>
		<pose>Unspecified</pose>
		<truncated>0</truncated>
		<difficult>0</difficult>
		<bndbox>
			<xmin>42.592</xmin>
			<ymin>184.644</ymin>
			<xmax>318.376</xmax>
			<ymax>344.079</ymax>
		</bndbox>
	</object>
	<object>
		<name>Knife</name>
		<pose>Unspecified</pose>
		<truncated>0</truncated>
		<difficult>0</difficult>
		<bndbox>
			<xmin>78.795</xmin>
			<ymin>186.007</ymin>
			<xmax>417.403</xmax>
			<ymax>242.559</ymax>
		</bndbox>
	</object>
</annotation>
