<annotation>
	<folder>X_ray</folder>
	<filename>P03047.jpg</filename>
	<source>
		<database>The X_ray Database</database>
		<annotation>The X_ray Database</annotation>
		<image>X_ray</image>
		<flickrid>0</flickrid>
	</source>
	<owner>
		<flickrid>miaocaijing16@mails.ucas.ac.ac</flickrid>
		<name>MeioJane</name>
	</owner>
	<size>
		<width>830</width>
		<height>682</height>
		<depth>3</depth>
	</size>
	<segmented>0</segmented>
	<object>
		<name>Gun</name>
		<pose>Unspecified</pose>
		<truncated>0</truncated>
		<difficult>0</difficult>
		<bndbox>
			<xmin>177.179</xmin>
			<ymin>229.968</ymin>
			<xmax>321.665</xmax>
			<ymax>337.444</ymax>
		</bndbox>
	</object>
	<object>
		<name>Gun</name>
		<pose>Unspecified</pose>
		<truncated>0</truncated>
		<difficult>0</difficult>
		<bndbox>
			<xmin>233.075</xmin>
			<ymin>226.806</ymin>
			<xmax>332.211</xmax>
			<ymax>357.991</ymax>
		</bndbox>
	</object>
	<object>
		<name>Knife</name>
		<pose>Unspecified</pose>
		<truncated>0</truncated>
		<difficult>0</difficult>
		<bndbox>
			<xmin>183.507</xmin>
			<ymin>194.406</ymin>
			<xmax>269.987</xmax>
			<ymax>475.74</ymax>
		</bndbox>
	</object>
</annotation>
