<annotation>
	<folder>X_ray</folder>
	<filename>P03016.jpg</filename>
	<source>
		<database>The X_ray Database</database>
		<annotation>The X_ray Database</annotation>
		<image>X_ray</image>
		<flickrid>0</flickrid>
	</source>
	<owner>
		<flickrid>miaocaijing16@mails.ucas.ac.ac</flickrid>
		<name>MeioJane</name>
	</owner>
	<size>
		<width>842</width>
		<height>584</height>
		<depth>3</depth>
	</size>
	<segmented>0</segmented>
	<object>
		<name>Gun</name>
		<pose>Unspecified</pose>
		<truncated>0</truncated>
		<difficult>0</difficult>
		<bndbox>
			<xmin>583.088</xmin>
			<ymin>153.613</ymin>
			<xmax>716.823</xmax>
			<ymax>267.977</ymax>
		</bndbox>
	</object>
	<object>
		<name>Gun</name>
		<pose>Unspecified</pose>
		<truncated>0</truncated>
		<difficult>0</difficult>
		<bndbox>
			<xmin>724.313</xmin>
			<ymin>174.591</ymin>
			<xmax>779.947</xmax>
			<ymax>286.925</ymax>
		</bndbox>
	</object>
	<object>
		<name>Knife</name>
		<pose>Unspecified</pose>
		<truncated>0</truncated>
		<difficult>0</difficult>
		<bndbox>
			<xmin>390.508</xmin>
			<ymin>331.587</ymin>
			<xmax>781.017</xmax>
			<ymax>426.327</ymax>
		</bndbox>
	</object>
	<object>
		<name>Knife</name>
		<pose>Unspecified</pose>
		<truncated>0</truncated>
		<difficult>0</difficult>
		<bndbox>
			<xmin>429.024</xmin>
			<ymin>386.401</ymin>
			<xmax>760.689</xmax>
			<ymax>462.192</ymax>
		</bndbox>
	</object>
	<object>
		<name>Knife</name>
		<pose>Unspecified</pose>
		<truncated>0</truncated>
		<difficult>0</difficult>
		<bndbox>
			<xmin>479.309</xmin>
			<ymin>338.355</ymin>
			<xmax>794.925</xmax>
			<ymax>412.116</ymax>
		</bndbox>
	</object>
</annotation>
