<annotation>
	<folder>X_ray</folder>
	<filename>P03021.jpg</filename>
	<source>
		<database>The X_ray Database</database>
		<annotation>The X_ray Database</annotation>
		<image>X_ray</image>
		<flickrid>0</flickrid>
	</source>
	<owner>
		<flickrid>miaocaijing16@mails.ucas.ac.ac</flickrid>
		<name>MeioJane</name>
	</owner>
	<size>
		<width>848</width>
		<height>603</height>
		<depth>3</depth>
	</size>
	<segmented>0</segmented>
	<object>
		<name>Gun</name>
		<pose>Unspecified</pose>
		<truncated>0</truncated>
		<difficult>0</difficult>
		<bndbox>
			<xmin>135.766</xmin>
			<ymin>384.299</ymin>
			<xmax>243.517</xmax>
			<ymax>498.191</ymax>
		</bndbox>
	</object>
	<object>
		<name>Gun</name>
		<pose>Unspecified</pose>
		<truncated>0</truncated>
		<difficult>0</difficult>
		<bndbox>
			<xmin>75.426</xmin>
			<ymin>387.793</ymin>
			<xmax>101.286</xmax>
			<ymax>494.698</ymax>
		</bndbox>
	</object>
	<object>
		<name>Knife</name>
		<pose>Unspecified</pose>
		<truncated>0</truncated>
		<difficult>0</difficult>
		<bndbox>
			<xmin>37.713</xmin>
			<ymin>221.496</ymin>
			<xmax>454.709</xmax>
			<ymax>328.401</ymax>
		</bndbox>
	</object>
	<object>
		<name>Knife</name>
		<pose>Unspecified</pose>
		<truncated>0</truncated>
		<difficult>0</difficult>
		<bndbox>
			<xmin>110.983</xmin>
			<ymin>194.944</ymin>
			<xmax>451.476</xmax>
			<ymax>256.432</ymax>
		</bndbox>
	</object>
	<object>
		<name>Knife</name>
		<pose>Unspecified</pose>
		<truncated>0</truncated>
		<difficult>0</difficult>
		<bndbox>
			<xmin>38.79</xmin>
			<ymin>190.752</ymin>
			<xmax>354.501</xmax>
			<ymax>287.875</ymax>
		</bndbox>
	</object>
</annotation>
