<annotation>
	<folder>X_ray</folder>
	<filename>P03058.jpg</filename>
	<source>
		<database>The X_ray Database</database>
		<annotation>The X_ray Database</annotation>
		<image>X_ray</image>
		<flickrid>0</flickrid>
	</source>
	<owner>
		<flickrid>miaocaijing16@mails.ucas.ac.ac</flickrid>
		<name>MeioJane</name>
	</owner>
	<size>
		<width>783</width>
		<height>519</height>
		<depth>3</depth>
	</size>
	<segmented>0</segmented>
	<object>
		<name>Gun</name>
		<pose>Unspecified</pose>
		<truncated>0</truncated>
		<difficult>0</difficult>
		<bndbox>
			<xmin>46.761</xmin>
			<ymin>294.08</ymin>
			<xmax>233.806</xmax>
			<ymax>382.484</ymax>
		</bndbox>
	</object>
	<object>
		<name>Gun</name>
		<pose>Unspecified</pose>
		<truncated>0</truncated>
		<difficult>0</difficult>
		<bndbox>
			<xmin>64.67</xmin>
			<ymin>253.787</ymin>
			<xmax>151.227</xmax>
			<ymax>381.883</ymax>
		</bndbox>
	</object>
	<object>
		<name>Knife</name>
		<pose>Unspecified</pose>
		<truncated>0</truncated>
		<difficult>0</difficult>
		<bndbox>
			<xmin>25.868</xmin>
			<ymin>76.978</ymin>
			<xmax>63.675</xmax>
			<ymax>420.372</ymax>
		</bndbox>
	</object>
</annotation>
