<annotation>
	<folder>X_ray</folder>
	<filename>P03144.jpg</filename>
	<source>
		<database>The X_ray Database</database>
		<annotation>The X_ray Database</annotation>
		<image>X_ray</image>
		<flickrid>0</flickrid>
	</source>
	<owner>
		<flickrid>miaocaijing16@mails.ucas.ac.ac</flickrid>
		<name>MeioJane</name>
	</owner>
	<size>
		<width>661</width>
		<height>524</height>
		<depth>3</depth>
	</size>
	<segmented>0</segmented>
	<object>
		<name>Gun</name>
		<pose>Unspecified</pose>
		<truncated>0</truncated>
		<difficult>0</difficult>
		<bndbox>
			<xmin>26.037</xmin>
			<ymin>292.056</ymin>
			<xmax>178.058</xmax>
			<ymax>403.17</ymax>
		</bndbox>
	</object>
	<object>
		<name>Gun</name>
		<pose>Unspecified</pose>
		<truncated>0</truncated>
		<difficult>0</difficult>
		<bndbox>
			<xmin>300.684</xmin>
			<ymin>111.115</ymin>
			<xmax>392.233</xmax>
			<ymax>275.054</ymax>
		</bndbox>
	</object>
	<object>
		<name>Knife</name>
		<pose>Unspecified</pose>
		<truncated>0</truncated>
		<difficult>0</difficult>
		<bndbox>
			<xmin>0.84</xmin>
			<ymin>49.182</ymin>
			<xmax>101.628</xmax>
			<ymax>414.1</ymax>
		</bndbox>
	</object>
</annotation>
