<annotation>
	<folder>X_ray</folder>
	<filename>P03178.jpg</filename>
	<source>
		<database>The X_ray Database</database>
		<annotation>The X_ray Database</annotation>
		<image>X_ray</image>
		<flickrid>0</flickrid>
	</source>
	<owner>
		<flickrid>miaocaijing16@mails.ucas.ac.ac</flickrid>
		<name>MeioJane</name>
	</owner>
	<size>
		<width>832</width>
		<height>608</height>
		<depth>3</depth>
	</size>
	<segmented>0</segmented>
	<object>
		<name>Gun</name>
		<pose>Unspecified</pose>
		<truncated>0</truncated>
		<difficult>0</difficult>
		<bndbox>
			<xmin>44.402</xmin>
			<ymin>236.014</ymin>
			<xmax>179.72</xmax>
			<ymax>338.169</ymax>
		</bndbox>
	</object>
	<object>
		<name>Gun</name>
		<pose>Unspecified</pose>
		<truncated>0</truncated>
		<difficult>0</difficult>
		<bndbox>
			<xmin>87.746</xmin>
			<ymin>257.854</ymin>
			<xmax>275.924</xmax>
			<ymax>354.373</ymax>
		</bndbox>
	</object>
	<object>
		<name>Knife</name>
		<pose>Unspecified</pose>
		<truncated>0</truncated>
		<difficult>0</difficult>
		<bndbox>
			<xmin>40.173</xmin>
			<ymin>273.353</ymin>
			<xmax>152.234</xmax>
			<ymax>501.618</ymax>
		</bndbox>
	</object>
</annotation>
