<annotation>
	<folder>X_ray</folder>
	<filename>P03113.jpg</filename>
	<source>
		<database>The X_ray Database</database>
		<annotation>The X_ray Database</annotation>
		<image>X_ray</image>
		<flickrid>0</flickrid>
	</source>
	<owner>
		<flickrid>miaocaijing16@mails.ucas.ac.ac</flickrid>
		<name>MeioJane</name>
	</owner>
	<size>
		<width>693</width>
		<height>456</height>
		<depth>3</depth>
	</size>
	<segmented>0</segmented>
	<object>
		<name>Gun</name>
		<pose>Unspecified</pose>
		<truncated>0</truncated>
		<difficult>0</difficult>
		<bndbox>
			<xmin>342.537</xmin>
			<ymin>184.408</ymin>
			<xmax>500.158</xmax>
			<ymax>338.698</ymax>
		</bndbox>
	</object>
	<object>
		<name>Gun</name>
		<pose>Unspecified</pose>
		<truncated>0</truncated>
		<difficult>0</difficult>
		<bndbox>
			<xmin>23.775</xmin>
			<ymin>106.735</ymin>
			<xmax>208.693</xmax>
			<ymax>205.543</ymax>
		</bndbox>
	</object>
	<object>
		<name>Knife</name>
		<pose>Unspecified</pose>
		<truncated>0</truncated>
		<difficult>0</difficult>
		<bndbox>
			<xmin>44.028</xmin>
			<ymin>82.957</ymin>
			<xmax>88.056</xmax>
			<ymax>406.86</ymax>
		</bndbox>
	</object>
</annotation>
