<annotation>
	<folder>X_ray</folder>
	<filename>P03196.jpg</filename>
	<source>
		<database>The X_ray Database</database>
		<annotation>The X_ray Database</annotation>
		<image>X_ray</image>
		<flickrid>0</flickrid>
	</source>
	<owner>
		<flickrid>miaocaijing16@mails.ucas.ac.ac</flickrid>
		<name>MeioJane</name>
	</owner>
	<size>
		<width>696</width>
		<height>657</height>
		<depth>3</depth>
	</size>
	<segmented>0</segmented>
	<object>
		<name>Gun</name>
		<pose>Unspecified</pose>
		<truncated>0</truncated>
		<difficult>0</difficult>
		<bndbox>
			<xmin>131.771</xmin>
			<ymin>391.307</ymin>
			<xmax>305.992</xmax>
			<ymax>538.238</ymax>
		</bndbox>
	</object>
	<object>
		<name>Wrench</name>
		<pose>Unspecified</pose>
		<truncated>0</truncated>
		<difficult>0</difficult>
		<bndbox>
			<xmin>86.668</xmin>
			<ymin>331.926</ymin>
			<xmax>229.052</xmax>
			<ymax>479.618</ymax>
		</bndbox>
	</object>
	<object>
		<name>Wrench</name>
		<pose>Unspecified</pose>
		<truncated>0</truncated>
		<difficult>0</difficult>
		<bndbox>
			<xmin>57.484</xmin>
			<ymin>349.436</ymin>
			<xmax>356.402</xmax>
			<ymax>529.863</ymax>
		</bndbox>
	</object>
</annotation>
