<annotation>
	<folder>X_ray</folder>
	<filename>P03282.jpg</filename>
	<source>
		<database>The X_ray Database</database>
		<annotation>The X_ray Database</annotation>
		<image>X_ray</image>
		<flickrid>0</flickrid>
	</source>
	<owner>
		<flickrid>miaocaijing16@mails.ucas.ac.ac</flickrid>
		<name>MeioJane</name>
	</owner>
	<size>
		<width>682</width>
		<height>547</height>
		<depth>3</depth>
	</size>
	<segmented>0</segmented>
	<object>
		<name>Knife</name>
		<pose>Unspecified</pose>
		<truncated>0</truncated>
		<difficult>0</difficult>
		<bndbox>
			<xmin>221.845</xmin>
			<ymin>193.954</ymin>
			<xmax>587.543</xmax>
			<ymax>491.856</ymax>
		</bndbox>
	</object>
	<object>
		<name>Knife</name>
		<pose>Unspecified</pose>
		<truncated>0</truncated>
		<difficult>0</difficult>
		<bndbox>
			<xmin>220.112</xmin>
			<ymin>331.496</ymin>
			<xmax>629.139</xmax>
			<ymax>409.458</ymax>
		</bndbox>
	</object>
</annotation>
