<annotation>
	<folder>X_ray</folder>
	<filename>P03206.jpg</filename>
	<source>
		<database>The X_ray Database</database>
		<annotation>The X_ray Database</annotation>
		<image>X_ray</image>
		<flickrid>0</flickrid>
	</source>
	<owner>
		<flickrid>miaocaijing16@mails.ucas.ac.ac</flickrid>
		<name>MeioJane</name>
	</owner>
	<size>
		<width>745</width>
		<height>577</height>
		<depth>3</depth>
	</size>
	<segmented>0</segmented>
	<object>
		<name>Gun</name>
		<pose>Unspecified</pose>
		<truncated>0</truncated>
		<difficult>0</difficult>
		<bndbox>
			<xmin>149.568</xmin>
			<ymin>355.025</ymin>
			<xmax>303.869</xmax>
			<ymax>429.908</ymax>
		</bndbox>
	</object>
	<object>
		<name>Wrench</name>
		<pose>Unspecified</pose>
		<truncated>0</truncated>
		<difficult>0</difficult>
		<bndbox>
			<xmin>364.454</xmin>
			<ymin>453.309</ymin>
			<xmax>601.112</xmax>
			<ymax>506.129</ymax>
		</bndbox>
	</object>
	<object>
		<name>Wrench</name>
		<pose>Unspecified</pose>
		<truncated>0</truncated>
		<difficult>0</difficult>
		<bndbox>
			<xmin>258.431</xmin>
			<ymin>405.17</ymin>
			<xmax>594.485</xmax>
			<ymax>480.722</ymax>
		</bndbox>
	</object>
	<object>
		<name>Wrench</name>
		<pose>Unspecified</pose>
		<truncated>0</truncated>
		<difficult>0</difficult>
		<bndbox>
			<xmin>62.478</xmin>
			<ymin>407.845</ymin>
			<xmax>332.268</xmax>
			<ymax>441.275</ymax>
		</bndbox>
	</object>
</annotation>
