<annotation>
	<folder>X_ray</folder>
	<filename>P03409.jpg</filename>
	<source>
		<database>The X_ray Database</database>
		<annotation>The X_ray Database</annotation>
		<image>X_ray</image>
		<flickrid>0</flickrid>
	</source>
	<owner>
		<flickrid>miaocaijing16@mails.ucas.ac.ac</flickrid>
		<name>MeioJane</name>
	</owner>
	<size>
		<width>657</width>
		<height>637</height>
		<depth>3</depth>
	</size>
	<segmented>0</segmented>
	<object>
		<name>Knife</name>
		<pose>Unspecified</pose>
		<truncated>0</truncated>
		<difficult>0</difficult>
		<bndbox>
			<xmin>51.759</xmin>
			<ymin>305.583</ymin>
			<xmax>433.269</xmax>
			<ymax>603.784</ymax>
		</bndbox>
	</object>
	<object>
		<name>Knife</name>
		<pose>Unspecified</pose>
		<truncated>0</truncated>
		<difficult>0</difficult>
		<bndbox>
			<xmin>65.95</xmin>
			<ymin>309.273</ymin>
			<xmax>438.278</xmax>
			<ymax>597.879</ymax>
		</bndbox>
	</object>
</annotation>
