<annotation>
	<folder>X_ray</folder>
	<filename>P03496.jpg</filename>
	<source>
		<database>The X_ray Database</database>
		<annotation>The X_ray Database</annotation>
		<image>X_ray</image>
		<flickrid>0</flickrid>
	</source>
	<owner>
		<flickrid>miaocaijing16@mails.ucas.ac.ac</flickrid>
		<name>MeioJane</name>
	</owner>
	<size>
		<width>592</width>
		<height>508</height>
		<depth>3</depth>
	</size>
	<segmented>0</segmented>
	<object>
		<name>Gun</name>
		<pose>Unspecified</pose>
		<truncated>0</truncated>
		<difficult>0</difficult>
		<bndbox>
			<xmin>93.276</xmin>
			<ymin>359.662</ymin>
			<xmax>255.756</xmax>
			<ymax>447.958</ymax>
		</bndbox>
	</object>
	<object>
		<name>Knife</name>
		<pose>Unspecified</pose>
		<truncated>0</truncated>
		<difficult>0</difficult>
		<bndbox>
			<xmin>234.694</xmin>
			<ymin>196.607</ymin>
			<xmax>531.07</xmax>
			<ymax>326.109</ymax>
		</bndbox>
	</object>
	<object>
		<name>Knife</name>
		<pose>Unspecified</pose>
		<truncated>0</truncated>
		<difficult>0</difficult>
		<bndbox>
			<xmin>124.117</xmin>
			<ymin>256.06</ymin>
			<xmax>534.079</xmax>
			<ymax>374.378</ymax>
		</bndbox>
	</object>
	<object>
		<name>Wrench</name>
		<pose>Unspecified</pose>
		<truncated>0</truncated>
		<difficult>0</difficult>
		<bndbox>
			<xmin>127.878</xmin>
			<ymin>379.087</ymin>
			<xmax>327.97</xmax>
			<ymax>486.809</ymax>
		</bndbox>
	</object>
	<object>
		<name>Pliers</name>
		<pose>Unspecified</pose>
		<truncated>0</truncated>
		<difficult>0</difficult>
		<bndbox>
			<xmin>97.789</xmin>
			<ymin>381.441</ymin>
			<xmax>305.403</xmax>
			<ymax>484.454</ymax>
		</bndbox>
	</object>
</annotation>
