<annotation>
	<folder>X_ray</folder>
	<filename>P03488.jpg</filename>
	<source>
		<database>The X_ray Database</database>
		<annotation>The X_ray Database</annotation>
		<image>X_ray</image>
		<flickrid>0</flickrid>
	</source>
	<owner>
		<flickrid>miaocaijing16@mails.ucas.ac.ac</flickrid>
		<name>MeioJane</name>
	</owner>
	<size>
		<width>537</width>
		<height>391</height>
		<depth>3</depth>
	</size>
	<segmented>0</segmented>
	<object>
		<name>Knife</name>
		<pose>Unspecified</pose>
		<truncated>0</truncated>
		<difficult>0</difficult>
		<bndbox>
			<xmin>62.093</xmin>
			<ymin>100.129</ymin>
			<xmax>472.178</xmax>
			<ymax>229.707</ymax>
		</bndbox>
	</object>
	<object>
		<name>Wrench</name>
		<pose>Unspecified</pose>
		<truncated>0</truncated>
		<difficult>0</difficult>
		<bndbox>
			<xmin>78.469</xmin>
			<ymin>207.053</ymin>
			<xmax>356.863</xmax>
			<ymax>277.279</ymax>
		</bndbox>
	</object>
	<object>
		<name>Wrench</name>
		<pose>Unspecified</pose>
		<truncated>0</truncated>
		<difficult>0</difficult>
		<bndbox>
			<xmin>96.21</xmin>
			<ymin>107.831</ymin>
			<xmax>477.637</xmax>
			<ymax>217.021</ymax>
		</bndbox>
	</object>
</annotation>
