<annotation>
	<folder>X_ray</folder>
	<filename>P03736.jpg</filename>
	<source>
		<database>The X_ray Database</database>
		<annotation>The X_ray Database</annotation>
		<image>X_ray</image>
		<flickrid>0</flickrid>
	</source>
	<owner>
		<flickrid>miaocaijing16@mails.ucas.ac.ac</flickrid>
		<name>MeioJane</name>
	</owner>
	<size>
		<width>933</width>
		<height>553</height>
		<depth>3</depth>
	</size>
	<segmented>0</segmented>
	<object>
		<name>Gun</name>
		<pose>Unspecified</pose>
		<truncated>0</truncated>
		<difficult>0</difficult>
		<bndbox>
			<xmin>554.821</xmin>
			<ymin>210.819</ymin>
			<xmax>689.97</xmax>
			<ymax>397.289</ymax>
		</bndbox>
	</object>
</annotation>
