<annotation>
	<folder>X_ray</folder>
	<filename>P03759.jpg</filename>
	<source>
		<database>The X_ray Database</database>
		<annotation>The X_ray Database</annotation>
		<image>X_ray</image>
		<flickrid>0</flickrid>
	</source>
	<owner>
		<flickrid>miaocaijing16@mails.ucas.ac.ac</flickrid>
		<name>MeioJane</name>
	</owner>
	<size>
		<width>1103</width>
		<height>815</height>
		<depth>3</depth>
	</size>
	<segmented>0</segmented>
	<object>
		<name>Pliers</name>
		<pose>Unspecified</pose>
		<truncated>0</truncated>
		<difficult>0</difficult>
		<bndbox>
			<xmin>866.142</xmin>
			<ymin>577.961</ymin>
			<xmax>1045.537</xmax>
			<ymax>643.123</ymax>
		</bndbox>
	</object>
	<object>
		<name>Pliers</name>
		<pose>Unspecified</pose>
		<truncated>0</truncated>
		<difficult>0</difficult>
		<bndbox>
			<xmin>867.544</xmin>
			<ymin>445.747</ymin>
			<xmax>1006.295</xmax>
			<ymax>557.184</ymax>
		</bndbox>
	</object>
</annotation>
