<annotation>
	<folder>X_ray</folder>
	<filename>P03831.jpg</filename>
	<source>
		<database>The X_ray Database</database>
		<annotation>The X_ray Database</annotation>
		<image>X_ray</image>
		<flickrid>0</flickrid>
	</source>
	<owner>
		<flickrid>miaocaijing16@mails.ucas.ac.ac</flickrid>
		<name>MeioJane</name>
	</owner>
	<size>
		<width>412</width>
		<height>423</height>
		<depth>3</depth>
	</size>
	<segmented>0</segmented>
	<object>
		<name>Scissors</name>
		<pose>Unspecified</pose>
		<truncated>0</truncated>
		<difficult>0</difficult>
		<bndbox>
			<xmin>216.208</xmin>
			<ymin>84.796</ymin>
			<xmax>339.233</xmax>
			<ymax>223.019</ymax>
		</bndbox>
	</object>
	<object>
		<name>Scissors</name>
		<pose>Unspecified</pose>
		<truncated>0</truncated>
		<difficult>0</difficult>
		<bndbox>
			<xmin>199.98</xmin>
			<ymin>81.365</ymin>
			<xmax>319.339</xmax>
			<ymax>211.745</ymax>
		</bndbox>
	</object>
	<object>
		<name>Scissors</name>
		<pose>Unspecified</pose>
		<truncated>0</truncated>
		<difficult>0</difficult>
		<bndbox>
			<xmin>209.403</xmin>
			<ymin>62.739</ymin>
			<xmax>327.715</xmax>
			<ymax>183.806</ymax>
		</bndbox>
	</object>
</annotation>
