<annotation>
	<folder>X_ray</folder>
	<filename>P03915.jpg</filename>
	<source>
		<database>The X_ray Database</database>
		<annotation>The X_ray Database</annotation>
		<image>X_ray</image>
		<flickrid>0</flickrid>
	</source>
	<owner>
		<flickrid>miaocaijing16@mails.ucas.ac.ac</flickrid>
		<name>MeioJane</name>
	</owner>
	<size>
		<width>1500</width>
		<height>990</height>
		<depth>3</depth>
	</size>
	<segmented>0</segmented>
	<object>
		<name>Pliers</name>
		<pose>Unspecified</pose>
		<truncated>0</truncated>
		<difficult>0</difficult>
		<bndbox>
			<xmin>1048.285</xmin>
			<ymin>601.112</ymin>
			<xmax>1200.762</xmax>
			<ymax>694.032</ymax>
		</bndbox>
	</object>
	<object>
		<name>Pliers</name>
		<pose>Unspecified</pose>
		<truncated>0</truncated>
		<difficult>0</difficult>
		<bndbox>
			<xmin>958.704</xmin>
			<ymin>613.731</ymin>
			<xmax>1027.319</xmax>
			<ymax>758.273</ymax>
		</bndbox>
	</object>
	<object>
		<name>Wrench</name>
		<pose>Unspecified</pose>
		<truncated>0</truncated>
		<difficult>0</difficult>
		<bndbox>
			<xmin>949.174</xmin>
			<ymin>558.667</ymin>
			<xmax>1078.78</xmax>
			<ymax>620.614</ymax>
		</bndbox>
	</object>
</annotation>
