<annotation>
	<folder>X_ray</folder>
	<filename>P04022.jpg</filename>
	<source>
		<database>The X_ray Database</database>
		<annotation>The X_ray Database</annotation>
		<image>X_ray</image>
		<flickrid>0</flickrid>
	</source>
	<owner>
		<flickrid>miaocaijing16@mails.ucas.ac.ac</flickrid>
		<name>MeioJane</name>
	</owner>
	<size>
		<width>572</width>
		<height>598</height>
		<depth>3</depth>
	</size>
	<segmented>0</segmented>
	<object>
		<name>Pliers</name>
		<pose>Unspecified</pose>
		<truncated>0</truncated>
		<difficult>0</difficult>
		<bndbox>
			<xmin>515.309</xmin>
			<ymin>424.074</ymin>
			<xmax>549.469</xmax>
			<ymax>543.951</ymax>
		</bndbox>
	</object>
	<object>
		<name>Pliers</name>
		<pose>Unspecified</pose>
		<truncated>0</truncated>
		<difficult>0</difficult>
		<bndbox>
			<xmin>449.169</xmin>
			<ymin>348.545</ymin>
			<xmax>505.86</xmax>
			<ymax>501.683</ymax>
		</bndbox>
	</object>
	<object>
		<name>Pliers</name>
		<pose>Unspecified</pose>
		<truncated>0</truncated>
		<difficult>0</difficult>
		<bndbox>
			<xmin>345.235</xmin>
			<ymin>437.933</ymin>
			<xmax>450.623</xmax>
			<ymax>579.984</ymax>
		</bndbox>
	</object>
</annotation>
