<annotation>
	<folder>X_ray</folder>
	<filename>P04018.jpg</filename>
	<source>
		<database>The X_ray Database</database>
		<annotation>The X_ray Database</annotation>
		<image>X_ray</image>
		<flickrid>0</flickrid>
	</source>
	<owner>
		<flickrid>miaocaijing16@mails.ucas.ac.ac</flickrid>
		<name>MeioJane</name>
	</owner>
	<size>
		<width>362</width>
		<height>291</height>
		<depth>3</depth>
	</size>
	<segmented>0</segmented>
	<object>
		<name>Pliers</name>
		<pose>Unspecified</pose>
		<truncated>0</truncated>
		<difficult>0</difficult>
		<bndbox>
			<xmin>77.276</xmin>
			<ymin>102.845</ymin>
			<xmax>212.508</xmax>
			<ymax>165.563</ymax>
		</bndbox>
	</object>
	<object>
		<name>Wrench</name>
		<pose>Unspecified</pose>
		<truncated>0</truncated>
		<difficult>0</difficult>
		<bndbox>
			<xmin>47.837</xmin>
			<ymin>117.344</ymin>
			<xmax>221.248</xmax>
			<ymax>213.108</ymax>
		</bndbox>
	</object>
	<object>
		<name>Wrench</name>
		<pose>Unspecified</pose>
		<truncated>0</truncated>
		<difficult>0</difficult>
		<bndbox>
			<xmin>86.015</xmin>
			<ymin>38.103</ymin>
			<xmax>114.074</xmax>
			<ymax>181.411</ymax>
		</bndbox>
	</object>
	<object>
		<name>Wrench</name>
		<pose>Unspecified</pose>
		<truncated>0</truncated>
		<difficult>0</difficult>
		<bndbox>
			<xmin>69.916</xmin>
			<ymin>55.3</ymin>
			<xmax>94.755</xmax>
			<ymax>192.539</ymax>
		</bndbox>
	</object>
</annotation>
