<annotation>
	<folder>X_ray</folder>
	<filename>P04007.jpg</filename>
	<source>
		<database>The X_ray Database</database>
		<annotation>The X_ray Database</annotation>
		<image>X_ray</image>
		<flickrid>0</flickrid>
	</source>
	<owner>
		<flickrid>miaocaijing16@mails.ucas.ac.ac</flickrid>
		<name>MeioJane</name>
	</owner>
	<size>
		<width>926</width>
		<height>522</height>
		<depth>3</depth>
	</size>
	<segmented>0</segmented>
	<object>
		<name>Pliers</name>
		<pose>Unspecified</pose>
		<truncated>0</truncated>
		<difficult>0</difficult>
		<bndbox>
			<xmin>108.249</xmin>
			<ymin>331.467</ymin>
			<xmax>291.802</xmax>
			<ymax>417.358</ymax>
		</bndbox>
	</object>
	<object>
		<name>Wrench</name>
		<pose>Unspecified</pose>
		<truncated>0</truncated>
		<difficult>0</difficult>
		<bndbox>
			<xmin>112.956</xmin>
			<ymin>330.257</ymin>
			<xmax>310.628</xmax>
			<ymax>464.538</ymax>
		</bndbox>
	</object>
</annotation>
